,name,start_pos,end_pos,tag,score
0,WACOUSTA,11,19,WORK_OF_ART,1
1,ECARTE,39,45,WORK_OF_ART,1
2,JACK BRAG IN SPAIN,49,67,WORK_OF_ART,1
3,43,122,124,CARDINAL,1
4,Congress,165,173,ORG,1
5,the year,178,186,DATE,1
6,H. LONG,232,239,PERSON,1
7,Office of the District Court of the United States,269,318,ORG,1
8,the Southern District,323,344,LOC,1
9,New York,348,356,GPE,1
10,Tale,448,452,WORK_OF_ART,1
11,Maria Heywood,663,676,PERSON,1
12,the City of Chicago,1084,1103,GPE,1
13,Massacre,1191,1199,PRODUCT,1
14,the present century,1366,1385,DATE,1
15,the days,1392,1400,DATE,1
16,Dryden,1404,1410,GPE,1
17,41st Regiment,1897,1910,ORG,1
18,Detroit,1927,1934,GPE,1
19,first,1985,1990,ORDINAL,1
20,Indian,1991,1997,NORP,1
21,Tale,1998,2002,WORK_OF_ART,1
22,Wacousta,2005,2013,WORK_OF_ART,1
23,Corps,2128,2133,ORG,1
24,America,2164,2171,GPE,1
25,Wau-nan-gee,2263,2274,WORK_OF_ART,1
26,Heald,2470,2475,PERSON,1
27,Helme,2486,2491,PERSON,1
28,Illinois,2584,2592,GPE,1
29,Kenzie,2598,2604,PERSON,1
30,some years,2606,2616,DATE,1
31,New York,2664,2672,GPE,1
32,"March 30th, 1852",2674,2690,DATE,1
33,Richard II,2744,2754,PERSON,1
34,7th,2767,2770,ORDINAL,1
35,Winnebeg,2793,2801,ORG,1
36,Indian,2820,2826,NORP,1
37,Captain Headley,2840,2855,PERSON,1
38,Fort Dearborn,2868,2881,GPE,1
39,Elmsley,3093,3100,PERSON,1
40,half,3242,3246,CARDINAL,1
41,Indian,3404,3410,NORP,1
42,Gubbernor,3434,3443,PERSON,1
43,Detroit,3607,3614,GPE,1
44,Winnebeg,3616,3624,ORG,1
45,two days,3642,3650,DATE,1
46,great news,3653,3663,ORG,1
47,Collins,3746,3753,PERSON,1
48,Winnebeg,3763,3771,ORG,1
49,Headley,3783,3790,PERSON,1
50,Indian,4030,4036,NORP,1
51,General Hull,4249,4261,ORG,1
52,Indians,4402,4409,NORP,1
53,Tecumseh,4415,4423,ORG,1
54,Great Britain,4541,4554,GPE,1
55,the United States,4559,4576,GPE,1
56,a few days,4613,4623,DATE,1
57,hundreds,4757,4765,CARDINAL,1
58,Cass,4904,4908,PERSON,1
59,five hundred,4930,4942,CARDINAL,1
60,the Fort of Mackinaw,5127,5147,FAC,1
61,British,5170,5177,NORP,1
62,Fort Wayne,5434,5444,PERSON,1
63,first,5459,5464,ORDINAL,1
64,Indians,5554,5561,NORP,1
65,Fort Wayne,5721,5731,GPE,1
66,nearly five hundred,5805,5824,CARDINAL,1
67,Indians,5888,5895,NORP,1
68,Tecumseh,5931,5939,ORG,1
69,Miller,6205,6211,PERSON,1
70,Headley,6580,6587,PERSON,1
71,second,6647,6653,ORDINAL,1
72,General Hull,6792,6804,ORG,1
73,Indian,6896,6902,NORP,1
74,Winnebeg,6913,6921,ORG,1
75,Detroit,6952,6959,GPE,1
76,Fort,6994,6998,GPE,1
77,Winnebeg,7101,7109,ORG,1
78,Headley,7243,7250,PERSON,1
79,Winnebeg,7524,7532,ORG,1
80,Winnebeg,7790,7798,ORG,1
81,Headley,7921,7928,PERSON,1
82,eight o'clock,8091,8104,TIME,1
83,Winnebeg,8173,8181,ORG,1
84,Fort Wayne,8308,8318,FAC,1
85,Headley,8396,8403,PERSON,1
86,Winnebeg,8424,8432,ORG,1
87,Captain Headley,8599,8614,PERSON,1
88,British,8760,8767,NORP,1
89,the hour,9160,9168,TIME,1
90,Elmsley,9306,9313,PERSON,1
91,Ronayne,9379,9386,PERSON,1
92,Ronayne,9404,9411,PERSON,1
93,Hardscrabble,9480,9492,ORG,1
94,Indians,9655,9662,NORP,1
95,Sir!”said the Corporal,9852,9874,WORK_OF_ART,1
96,Headley,10014,10021,PERSON,1
97,Ronayne,10063,10070,PERSON,1
98,Elmsley,10142,10149,PERSON,1
99,Collins,10197,10204,PERSON,1
100,Ronayne,10299,10306,PERSON,1
101,Headley,10490,10497,PERSON,1
102,General Hull 's,10579,10594,ORG,1
103,first,10655,10660,ORDINAL,1
104,only an hour,10728,10740,TIME,1
105,Ellen,11035,11040,PERSON,1
106,One,11274,11277,CARDINAL,1
107,Headley,11651,11658,PERSON,1
108,Mackinaw,11941,11949,ORG,1
109,Headley,12040,12047,PERSON,1
110,five hundred,12721,12733,CARDINAL,1
111,Pottowatomie,12734,12746,ORG,1
112,Fort Wayne,12772,12782,GPE,1
113,Ellen,13040,13045,PERSON,1
114,Winnebeg,13108,13116,ORG,1
115,Nay,13198,13201,PERSON,1
116,Headley;“think,13223,13237,CARDINAL,1
117,Winnebeg,13268,13276,ORG,1
118,Pottowatomies,13318,13331,ORG,1
119,Ellen,13494,13499,PERSON,1
120,Headley,13630,13637,PERSON,1
121,Love,13759,13763,WORK_OF_ART,1
122,Love,13768,13772,WORK_OF_ART,1
123,Pottowatomies,13846,13859,WORK_OF_ART,1
124,Wau-nan-gee,13876,13887,PERSON,1
125,Winnebeg,13923,13931,ORG,1
126,three months,13945,13957,DATE,1
127,Captain Headley,14140,14155,PERSON,1
128,Headley,14192,14199,PERSON,1
129,Ellen,14889,14894,PERSON,1
130,Maria Heywood 's,15219,15235,PERSON,1
131,Ronayne,15250,15257,PERSON,1
132,Wau-nan-gee,15312,15323,PERSON,1
133,Ronayne,15382,15389,PERSON,1
134,Ronayne,15833,15840,PERSON,1
135,Headley,15883,15890,PERSON,1
136,Ellen,15947,15952,PERSON,1
137,Headley,16054,16061,PERSON,1
138,Winnebeg,16209,16217,ORG,1
139,the night,16285,16294,TIME,1
140,Headley,16391,16398,PERSON,1
141,Ellen,16653,16658,PERSON,1
142,Headley,16942,16949,PERSON,1
143,a few minutes,16968,16981,TIME,1
144,yesterday,17108,17117,DATE,1
145,afternoon,17118,17127,TIME,1
146,Ronayne,17135,17142,PERSON,1
147,Hardscrabble,17212,17224,ORG,1
148,a week,17303,17309,DATE,1
149,summer,17367,17373,DATE,1
150,Indian,17689,17695,NORP,1
151,Ronayne,17944,17951,PERSON,1
152,her a few minutes,18072,18089,TIME,1
153,first,18233,18238,ORDINAL,1
154,nearly an hour,18642,18656,TIME,1
155,summer,18779,18785,DATE,1
156,about half,18888,18898,CARDINAL,1
157,Ronayne,18986,18993,PERSON,1
158,Wau-nan-gee,19015,19026,PERSON,1
159,summer,19315,19321,DATE,1
160,Ronayne,19431,19438,PERSON,1
161,Maria,19628,19633,PERSON,1
162,Indian,19758,19764,NORP,1
163,Indians,20318,20325,NORP,1
164,one,20349,20352,CARDINAL,1
165,four,20520,20524,CARDINAL,1
166,Collins,20542,20549,PERSON,1
167,Indians,20697,20704,NORP,1
168,Ronayne,20754,20761,PERSON,1
169,Collins,20841,20848,PERSON,1
170,Indian,20907,20913,NORP,1
171,Ronayne,21094,21101,PERSON,1
172,Captain Headley,21187,21202,PERSON,1
173,bush,21282,21286,PERSON,1
174,Collins,21310,21317,PERSON,1
175,summer,21339,21345,DATE,1
176,Ronayne,21369,21376,PERSON,1
177,"Nay, Headley",21423,21435,ORG,1
178,Firstly,21526,21533,ORDINAL,1
179,Maria,21551,21556,PERSON,1
180,Secondly,21660,21668,ORDINAL,1
181,Indians,21742,21749,NORP,1
182,Indians,21843,21850,NORP,1
183,Collins,21940,21947,PERSON,1
184,summer,22219,22225,DATE,1
185,two or three,22502,22514,CARDINAL,1
186,Maria,22807,22812,PERSON,1
187,"‘ Oh, Maria",23026,23037,WORK_OF_ART,1
188,Wau-nan-gee,23137,23148,PERSON,1
189,Headley,23368,23375,PERSON,1
190,Ronayne,23470,23477,PERSON,1
191,Providence,23520,23530,GPE,1
192,Maria,23794,23799,PERSON,1
193,Wau-nan-gee 's,23846,23860,GPE,1
194,Ronayne,23893,23900,PERSON,1
195,Indians,23961,23968,NORP,1
196,this day,24087,24095,DATE,1
197,Maria,24453,24458,PERSON,1
198,Ronayne,24466,24473,PERSON,1
199,"‘ Oh, you are",24523,24536,WORK_OF_ART,1
200,morrow night,24754,24766,TIME,1
201,Ronayne,24984,24991,PERSON,1
202,Maria,25261,25266,PERSON,1
203,Indian,25562,25568,NORP,1
204,Maria,25613,25618,PERSON,1
205,Wau-nan-,25742,25750,PERSON,1
206,Ronayne,25947,25954,PERSON,1
207,Collins,26035,26042,PERSON,1
208,Maria,26130,26135,PERSON,1
209,Wau-nan-gee,26237,26248,PERSON,1
210,Collins,26388,26395,PERSON,1
211,Ronayne,26646,26653,PERSON,1
212,first,26840,26845,ORDINAL,1
213,the fishing party,26879,26896,ORG,1
214,the hour,27139,27147,TIME,1
215,This night,27750,27760,TIME,1
216,Wau-nan,27970,27977,PERSON,1
217,Maria,28143,28148,PERSON,1
218,this day,28202,28210,DATE,1
219,Headley,28427,28434,PERSON,1
220,Ronayne,28701,28708,PERSON,1
221,Von Voltenberg,28738,28752,PERSON,1
222,Hardscrabble,28796,28808,ORG,1
223,Headley,29018,29025,PERSON,1
224,Ensign Ronayne,29086,29100,PERSON,1
225,Headley,29408,29415,PERSON,1
226,Van Voltenberg,29693,29707,PERSON,1
227,third,29904,29909,ORDINAL,1
228,Maria,29934,29939,PERSON,1
229,Ronayne,30015,30022,PERSON,1
230,Macbeth,30084,30091,PERSON,1
231,Richard II,30171,30181,PERSON,1
232,Little more than a month,30184,30208,DATE,1
233,Ensign Ronayne,30270,30284,PERSON,1
234,each day,30381,30389,DATE,1
235,first,30690,30695,ORDINAL,1
236,the years and years,31695,31714,DATE,1
237,up to the evening,31890,31907,TIME,1
238,first,31969,31974,ORDINAL,1
239,Maria,32004,32009,PERSON,1
240,Headley,32050,32057,PERSON,1
241,Nay,32494,32497,PERSON,1
242,Ronayne,32504,32511,PERSON,1
243,Ronayne,32903,32910,PERSON,1
244,Maria,32953,32958,PERSON,1
245,morrow,33147,33153,DATE,1
246,Maria,33363,33368,PERSON,1
247,Ronayne,33707,33714,PERSON,1
248,half,33716,33720,CARDINAL,1
249,"reproachfully,“methinks",33721,33744,PERSON,1
250,Ronayne,33901,33908,PERSON,1
251,Nay,34118,34121,PERSON,1
252,Ronayne,34322,34329,PERSON,1
253,Maria,34438,34443,PERSON,1
254,half,35042,35046,CARDINAL,1
255,yesterday,35314,35323,DATE,1
256,Calm yourself,35419,35432,WORK_OF_ART,1
257,night,35502,35507,TIME,1
258,Headley,35558,35565,PERSON,1
259,Hardscrabble,35617,35629,ORG,1
260,Indians,35696,35703,NORP,1
261,"Nay, Ronayne",35737,35749,WORK_OF_ART,1
262,night,35866,35871,TIME,1
263,Ronayne,35981,35988,PERSON,1
264,fie,36106,36109,PERSON,1
265,Nay,36253,36256,PERSON,1
266,"it,”murmured",36397,36409,ORG,1
267,Ronayne,36415,36422,PERSON,1
268,yesterday,36462,36471,DATE,1
269,Wau-nan-gee,36549,36560,PERSON,1
270,Ronayne,36864,36871,PERSON,1
271,Von Voltenberg,36906,36920,PERSON,1
272,the night,37076,37085,TIME,1
273,Customs,37384,37391,ORG,1
274,Captain Headley,37513,37528,PERSON,1
275,Canadian,37913,37921,NORP,1
276,Indian,37993,37999,NORP,1
277,Captain Headley,38036,38051,PERSON,1
278,the United States,38165,38182,GPE,1
279,Indians,38267,38274,NORP,1
280,Ensign Ronayne,38764,38778,PERSON,1
281,Wau-nan-gee,38824,38835,PERSON,1
282,the next day,38921,38933,DATE,1
283,Headley,39036,39043,PERSON,1
284,Indians,39156,39163,NORP,1
285,Wau-nan-gee,39239,39250,PERSON,1
286,a moment,39450,39458,TIME,1
287,two,39462,39465,CARDINAL,1
288,Ronayne,39707,39714,PERSON,1
289,Nay,39892,39895,PERSON,1
290,"one,”he",39905,39912,PERSON,1
291,Maria,40132,40137,PERSON,1
292,Ronayne,40402,40409,PERSON,1
293,Heavens!,40550,40558,WORK_OF_ART,1
294,Ronayne,40955,40962,PERSON,1
295,firstly,41121,41128,ORDINAL,1
296,Hardscrabble,41148,41160,ORG,1
297,secondly,41220,41228,ORDINAL,1
298,thirdly,41339,41346,ORDINAL,1
299,Wau-nan-gee,41487,41498,PERSON,1
300,the night,41524,41533,TIME,1
301,Maria,41650,41655,PERSON,1
302,Ronayne,42067,42074,PERSON,1
303,Von Voltenberg,42209,42223,PERSON,1
304,first,42507,42512,ORDINAL,1
305,summer,42565,42571,DATE,1
306,first,42583,42588,ORDINAL,1
307,many hours,42685,42695,TIME,1
308,first,42745,42750,ORDINAL,1
309,less than half an hour,42940,42962,TIME,1
310,Ronayne,43242,43249,PERSON,1
311,Virginian,43366,43375,NORP,1
312,Ronayne,43807,43814,PERSON,1
313,Indian,43864,43870,NORP,1
314,God,43948,43951,PERSON,1
315,Collins,43983,43990,PERSON,1
316,Ronayne,44106,44113,PERSON,1
317,Nixon,44295,44300,PERSON,1
318,trump!”said,44479,44490,PERSON,1
319,Weston,44518,44524,PERSON,1
320,"Nixon,”said Maria",44603,44620,PERSON,1
321,one,44625,44628,CARDINAL,1
322,Headley,44858,44865,PERSON,1
323,midnight,44904,44912,TIME,1
324,Ronayne,44952,44959,PERSON,1
325,midnight,44986,44994,TIME,1
326,Headley,45063,45070,PERSON,1
327,Nixon!”and,45093,45103,ORG,1
328,Maria,45269,45274,PERSON,1
329,Ronayne,45304,45311,PERSON,1
330,Headley,45418,45425,PERSON,1
331,"Nixon,”and",45438,45448,PERSON,1
332,Chicago,45593,45600,GPE,1
333,Hardscrabble,45614,45626,ORG,1
334,"Henry V.",45674,45683,PERSON,1
335,Hardscrabble,45700,45712,ORG,1
336,about two miles,45725,45740,QUANTITY,1
337,Fort Dearborn,45746,45759,GPE,1
338,four months,45938,45949,DATE,1
339,Ronayne,45981,45988,PERSON,1
340,Winnebagoes,46104,46115,ORG,1
341,Heywood,46301,46308,PERSON,1
342,April,46334,46339,DATE,1
343,7th,46383,46386,ORDINAL,1
344,August,46390,46396,DATE,1
345,Ronayne,46426,46433,PERSON,1
346,summer,46600,46606,DATE,1
347,daily,46685,46690,DATE,1
348,Maria Heywood,47187,47200,PERSON,1
349,Grecian,47707,47714,NORP,1
350,some minutes,48354,48366,TIME,1
351,Chicago,48443,48450,GPE,1
352,Hardscrabble,48462,48474,ORG,1
353,Ronayne,48481,48488,PERSON,1
354,first,48710,48715,ORDINAL,1
355,Ronayne,49113,49120,PERSON,1
356,Ronayne,49496,49503,PERSON,1
357,first,49770,49775,ORDINAL,1
358,first,49815,49820,ORDINAL,1
359,more than two years ’ date,49881,49907,DATE,1
360,Ronayne,50199,50206,PERSON,1
361,Ronayne,50485,50492,PERSON,1
362,underwood,50707,50716,ORG,1
363,the hottest day of summer,50816,50841,DATE,1
364,three,51080,51085,CARDINAL,1
365,Hardscrabble,51137,51149,GPE,1
366,about half a mile,51156,51173,QUANTITY,1
367,a few seconds,51209,51222,TIME,1
368,Von Voltenberg,51418,51432,PERSON,1
369,Ronayne,51693,51700,PERSON,1
370,one,52103,52106,CARDINAL,1
371,Hardscrabble,52151,52163,ORG,1
372,s.,52257,52259,PERSON,1
373,Ronayne,52288,52295,PERSON,1
374,Von Voltenberg,52507,52521,PERSON,1
375,earth,52608,52613,LOC,1
376,Fifty yards,52797,52808,QUANTITY,1
377,Ronayne,52977,52984,PERSON,1
378,Rapid,53061,53066,PERSON,1
379,A thousand,53309,53319,CARDINAL,1
380,two months,54195,54205,DATE,1
381,Indians,54617,54624,NORP,1
382,universal dominion,54747,54765,ORG,1
383,Indian,54848,54854,NORP,1
384,Indian,55142,55148,NORP,1
385,second,55654,55660,ORDINAL,1
386,many weeks,55905,55915,DATE,1
387,first,55939,55944,ORDINAL,1
388,half,56007,56011,CARDINAL,1
389,Two,56484,56487,CARDINAL,1
390,two,56801,56804,CARDINAL,1
391,one,56839,56842,CARDINAL,1
392,Maria Heywood,56889,56902,PERSON,1
393,one week,56986,56994,DATE,1
394,Heywood,57368,57375,PERSON,1
395,Indians,57445,57452,NORP,1
396,fifty yards,58158,58169,QUANTITY,1
397,Indians,58191,58198,NORP,1
398,about twenty,58200,58212,CARDINAL,1
399,Maria,58407,58412,PERSON,1
400,Winnebagoes,58780,58791,ORG,1
401,years,58840,58845,DATE,1
402,Ronayne,59178,59185,PERSON,1
403,Von Voltenberg,59561,59575,PERSON,1
404,two,59607,59610,CARDINAL,1
405,Indians,59617,59624,NORP,1
406,second,59880,59886,ORDINAL,1
407,one,59968,59971,CARDINAL,1
408,first,60013,60018,ORDINAL,1
409,one,60115,60118,CARDINAL,1
410,Hardscrabble,60512,60524,ORG,1
411,five feet,60606,60615,QUANTITY,1
412,Von Voltenberg,61054,61068,PERSON,1
413,Ronayne,61268,61275,PERSON,1
414,Indian,61283,61289,NORP,1
415,Von Voltenberg,61459,61473,PERSON,1
416,Ronayne,61604,61611,PERSON,1
417,twenty,61776,61782,CARDINAL,1
418,Indians,62047,62054,NORP,1
419,Indian,62254,62260,NORP,1
420,second,62289,62295,ORDINAL,1
421,first,62612,62617,ORDINAL,1
422,Ronayne,62800,62807,PERSON,1
423,nearly a mile,64421,64434,QUANTITY,1
424,Von Voltenberg 's,64527,64544,PERSON,1
425,Indian,65607,65613,NORP,1
426,some twenty feet,65896,65912,QUANTITY,1
427,one,66176,66179,CARDINAL,1
428,Ronayne,66269,66276,PERSON,1
429,Indian,66299,66305,NORP,1
430,a dozen,67065,67072,CARDINAL,1
431,Indians,67073,67080,NORP,1
432,earth,67134,67139,LOC,1
433,Ronayne,67530,67537,PERSON,1
434,Von Voltenberg,68479,68493,PERSON,1
435,Von Voltenberg,68926,68940,PERSON,1
436,Indians,69040,69047,NORP,1
437,two,69278,69281,CARDINAL,1
438,Firstly,69300,69307,ORDINAL,1
439,secondly,69460,69468,ORDINAL,1
440,Ronayne,69831,69838,PERSON,1
441,half,70260,70264,CARDINAL,1
442,Virginian,70345,70354,NORP,1
443,Indians,71251,71258,NORP,1
444,over nearly one third,71726,71747,CARDINAL,1
445,Indians,71788,71795,NORP,1
446,one,72018,72021,CARDINAL,1
447,Ronayne,72317,72324,PERSON,1
448,Chicago,72382,72389,GPE,1
449,less than ten minutes,72760,72781,TIME,1
450,two hours,72942,72951,TIME,1
451,first,73191,73196,ORDINAL,1
452,Ronayne,73243,73250,PERSON,1
453,the last two hours,73394,73412,TIME,1
454,Othello,73711,73718,PERSON,1
455,did day,73727,73734,DATE,1
456,Virginian,74356,74365,NORP,1
457,Von Voltenberg,74967,74981,PERSON,1
458,first,75129,75134,ORDINAL,1
459,Headley,75309,75316,PERSON,1
460,Elmsley,75323,75330,PERSON,1
461,Ronayne,75336,75343,PERSON,1
462,Catherine,75355,75364,PERSON,1
463,Collins,75379,75386,PERSON,1
464,Headley,75615,75622,PERSON,1
465,Virginian,75661,75670,NORP,1
466,Elmsley,75677,75684,PERSON,1
467,Collins,75945,75952,PERSON,1
468,Von Voltenberg,76033,76047,PERSON,1
469,those days,76146,76156,DATE,1
470,Maria,76822,76827,PERSON,1
471,Headley,77669,77676,PERSON,1
472,Elmsley,77684,77691,PERSON,1
473,Maria,77717,77722,PERSON,1
474,Yesterday,77776,77785,DATE,1
475,this hour,78008,78017,TIME,1
476,Collins,78249,78256,PERSON,1
477,Elmsley,78676,78683,PERSON,1
478,one,78735,78738,CARDINAL,1
479,Headley,78778,78785,PERSON,1
480,Headley,78806,78813,PERSON,1
481,"Headley,”said Von Voltenberg",79165,79193,PERSON,1
482,a few hours,79631,79642,TIME,1
483,Maria,80395,80400,PERSON,1
484,Von Voltenberg,80554,80568,PERSON,1
485,Ronayne,80709,80716,PERSON,1
486,Indians,80818,80825,NORP,1
487,Indians,81090,81097,NORP,1
488,Ronayne,81468,81475,PERSON,1
489,twenty,81581,81587,CARDINAL,1
490,Ronayne,81718,81725,PERSON,1
491,Indians,81763,81770,NORP,1
492,five-and-twenty,81787,81802,QUANTITY,1
493,Virginian,81923,81932,NORP,1
494,the morning,81993,82004,TIME,1
495,Captain Headley,82017,82032,PERSON,1
496,Headley,82137,82144,PERSON,1
497,twenty,82183,82189,CARDINAL,1
498,Headley,82267,82274,PERSON,1
499,Ronayne,82360,82367,PERSON,1
500,Headley,82404,82411,PERSON,1
501,Fool,82684,82688,PERSON,1
502,Collins,82826,82833,PERSON,1
503,this afternoon,82898,82912,TIME,1
504,he?”muttered Ronayne,83098,83118,PERSON,1
505,Headley,83185,83192,PERSON,1
506,Ronayne,83353,83360,PERSON,1
507,Headley,83746,83753,PERSON,1
508,Headley,84172,84179,PERSON,1
509,Maria,84295,84300,PERSON,1
510,Ronayne,84351,84358,PERSON,1
511,Headley,84575,84582,PERSON,1
512,second,84657,84663,ORDINAL,1
513,Indian,84691,84697,NORP,1
514,one,84865,84868,CARDINAL,1
515,Ronayne,84952,84959,PERSON,1
516,what hour,85020,85029,TIME,1
517,Headley?”asked,85063,85077,PERSON,1
518,midday,85095,85101,TIME,1
519,Winnebeg,85114,85122,ORG,1
520,flagstaff,85187,85196,GPE,1
521,two o'clock,85230,85241,TIME,1
522,Winnebeg,85262,85270,ORG,1
523,Ronayne,85291,85298,PERSON,1
524,Wau-nan-gee,85404,85415,PERSON,1
525,Headley,85440,85447,PERSON,1
526,the hour,85597,85605,TIME,1
527,Headley,85641,85648,PERSON,1
528,Wau-nan-,85735,85743,WORK_OF_ART,1
529,Winnebeg,85765,85773,ORG,1
530,Ronayne,85775,85782,PERSON,1
531,Pottowatomies,85855,85868,ORG,1
532,yesterday,85886,85895,DATE,1
533,Headley,85962,85969,PERSON,1
534,Wau-nan-gee,86005,86016,PERSON,1
535,Maria,86023,86028,PERSON,1
536,Ronayne,86396,86403,PERSON,1
537,Headley,86597,86604,PERSON,1
538,Indian,86650,86656,NORP,1
539,inartificial Indian,87011,87030,NORP,1
540,Wau-nan-gee,87552,87563,GPE,1
541,Ronayne,87890,87897,PERSON,1
542,Indian,88163,88169,NORP,1
543,Headley,88684,88691,PERSON,1
544,Headley,89042,89049,PERSON,1
545,Ronayne,89098,89105,PERSON,1
546,Wau-nan-gee,89514,89525,PERSON,1
547,five hours,89543,89553,TIME,1
548,a long night,89655,89667,TIME,1
549,Headley,89743,89750,PERSON,1
550,Headley,89916,89923,PERSON,1
551,Virginian,89985,89994,NORP,1
552,"Headley,“spare",90091,90105,PERSON,1
553,Headley,90152,90159,PERSON,1
554,one,90196,90199,CARDINAL,1
555,little more than an hour,90752,90776,TIME,1
556,Collins,90795,90802,PERSON,1
557,the night,90807,90816,TIME,1
558,Prepare yourself for no pleasant communication,91192,91238,WORK_OF_ART,1
559,Headley,91264,91271,PERSON,1
560,one,91319,91322,CARDINAL,1
561,Von Voltenberg,91355,91369,PERSON,1
562,Maria,91407,91412,PERSON,1
563,Indians,91440,91447,NORP,1
564,Elmsley,91496,91503,PERSON,1
565,Von Voltenberg,91508,91522,PERSON,1
566,Ronayne,91646,91653,PERSON,1
567,Von Voltenberg,91799,91813,PERSON,1
568,Ronayne,91890,91897,PERSON,1
569,Ronayne,92313,92320,PERSON,1
570,Headley,92399,92406,PERSON,1
571,Ronayne,92551,92558,PERSON,1
572,Indians,92749,92756,NORP,1
573,Headley,92828,92835,PERSON,1
574,Ronayne,92857,92864,PERSON,1
575,Elmsley,92934,92941,PERSON,1
576,Von Voltenberg,93055,93069,PERSON,1
577,Collins,93203,93210,PERSON,1
578,morning,93342,93349,TIME,1
579,Headley,93360,93367,PERSON,1
580,the night,93382,93391,TIME,1
581,Elmsley,93402,93409,PERSON,1
582,Headley,93540,93547,PERSON,1
583,Ronayne,93570,93577,PERSON,1
584,this afternoon,93598,93612,TIME,1
585,midnight,93687,93695,TIME,1
586,twelve o'clock,93772,93786,TIME,1
587,Serjeant Nixon,93852,93866,PERSON,1
588,Ronayne,93916,93923,PERSON,1
589,Nixon,94138,94143,PERSON,1
590,Headley,94360,94367,PERSON,1
591,Ronayne,94429,94436,PERSON,1
592,"it,”returned",94524,94536,ORG,1
593,Headley,94542,94549,PERSON,1
594,Fort Dearborn,94759,94772,GPE,1
595,Headley,94812,94819,PERSON,1
596,Headley,94925,94932,PERSON,1
597,Ronayne,94955,94962,PERSON,1
598,Nixon,95309,95314,PERSON,1
599,Headley,95334,95341,PERSON,1
600,the next minute,95349,95364,TIME,1
601,General Hull,95484,95496,ORG,1
602,Headley,95591,95598,PERSON,1
603,Elmsley,95783,95790,PERSON,1
604,Von Voltenberg,95795,95809,PERSON,1
605,Ellen,96113,96118,PERSON,1
606,Ronayne,96156,96163,PERSON,1
607,first,96260,96265,ORDINAL,1
608,Headley,96285,96292,PERSON,1
609,Ronayne,96294,96301,PERSON,1
610,Maria,96441,96446,PERSON,1
611,first,96988,96993,ORDINAL,1
612,Ellen,97791,97796,PERSON,1
613,Headley,98202,98209,PERSON,1
614,Ronayne,98340,98347,PERSON,1
615,Maria,98403,98408,PERSON,1
616,first,98596,98601,ORDINAL,1
617,the morning,98640,98651,TIME,1
618,an hour,98814,98821,TIME,1
619,Ellen,98913,98918,PERSON,1
620,nobly,99480,99485,ORG,1
621,Ronayne,99573,99580,PERSON,1
622,Ronayne,99859,99866,PERSON,1
623,Headley,100151,100158,PERSON,1
624,musingly pressing,100160,100177,ORG,1
625,Winnebeg,100225,100233,ORG,1
626,General Hull 's,100242,100257,ORG,1
627,Hardscrabble,100428,100440,ORG,1
628,Headley;“but,100536,100548,PERSON,1
629,Serjeant Nixon,100577,100591,PERSON,1
630,first,100679,100684,ORDINAL,1
631,King John,101048,101057,PERSON,1
632,nearly one o'clock in the morning,101066,101099,TIME,1
633,Headley,101110,101117,PERSON,1
634,Ronayne,101220,101227,GPE,1
635,every half hour,101649,101664,TIME,1
636,the night,101693,101702,TIME,1
637,Ronayne,102458,102465,PERSON,1
638,Indian,102930,102936,NORP,1
639,Headley,103012,103019,PERSON,1
640,Wau-nan-gee,103240,103251,PERSON,1
641,half,103331,103335,CARDINAL,1
642,Ronayne,103533,103540,PERSON,1
643,Indian,103618,103624,NORP,1
644,Headley,103741,103748,PERSON,1
645,Ronayne,103791,103798,PERSON,1
646,Headley,104137,104144,PERSON,1
647,Wau-nan-gee,104244,104255,PERSON,1
648,gravely;“I,104304,104314,PERSON,1
649,Wau-nan,104319,104326,PERSON,1
650,the hour,104692,104700,TIME,1
651,Headley,104798,104805,PERSON,1
652,Wau-nan-gee 's,104967,104981,PERSON,1
653,Indians,105073,105080,NORP,1
654,Wau-nan-gee,105152,105163,PERSON,1
655,half,105562,105566,CARDINAL,1
656,Ronayne,105598,105605,PERSON,1
657,Wau-nan-gee,106153,106164,PERSON,1
658,Wau-nan,106216,106223,WORK_OF_ART,1
659,Headley,106336,106343,PERSON,1
660,Wau-nan-gee,106524,106535,GPE,1
661,Ronayne,106818,106825,PERSON,1
662,furrowed brow,107197,107210,PERSON,1
663,"Nay, Ronayne",107250,107262,WORK_OF_ART,1
664,Headley,107314,107321,PERSON,1
665,Wau-nan-gee,107448,107459,GPE,1
666,that?”he,107584,107592,DATE,1
667,Headley,107876,107883,PERSON,1
668,two,108004,108007,CARDINAL,1
669,"but,”he",108034,108041,PERSON,1
670,Maria,108174,108179,PERSON,1
671,Indian,108291,108297,NORP,1
672,Virginian,108509,108518,NORP,1
673,first,108608,108613,ORDINAL,1
674,God!”he,109049,109056,PERSON,1
675,Maria,109210,109215,PERSON,1
676,Headley,109515,109522,PERSON,1
677,Headley,109733,109740,PERSON,1
678,Nay,110574,110577,PERSON,1
679,"Headley,”replied",110592,110608,PERSON,1
680,the preceding day,111241,111258,DATE,1
681,Headley,111312,111319,PERSON,1
682,Von Voltenberg,111444,111458,PERSON,1
683,Wau-nan-gee,111572,111583,GPE,1
684,Ronayne,111701,111708,PERSON,1
685,Headley,111910,111917,PERSON,1
686,summer,111958,111964,DATE,1
687,blow!”he,112149,112157,ORG,1
688,Ronayne,113143,113150,PERSON,1
689,Maria,113342,113347,PERSON,1
690,Ronayne,113659,113666,PERSON,1
691,musingly,113668,113676,GPE,1
692,summer,113787,113793,DATE,1
693,Headley,113942,113949,PERSON,1
694,Wau-nan-gee,114029,114040,GPE,1
695,two,114489,114492,CARDINAL,1
696,Indians,114522,114529,NORP,1
697,Wau-nan-gee,114542,114553,PERSON,1
698,Pottowatomies,114744,114757,PERSON,1
699,Von Voltenberg,114884,114898,PERSON,1
700,Von Voltenberg,115388,115402,PERSON,1
701,Indians,115438,115445,NORP,1
702,Ronayne,115616,115623,PERSON,1
703,Wau-nan-gee,115708,115719,PERSON,1
704,weeks,115755,115760,DATE,1
705,Headley,115823,115830,PERSON,1
706,as to one,115885,115894,CARDINAL,1
707,Wau-nan,115956,115963,PERSON,1
708,Headley,116118,116125,PERSON,1
709,Ronayne,116292,116299,PERSON,1
710,the night,116394,116403,TIME,1
711,Virginian,116454,116463,NORP,1
712,Wau-nan-gee,116580,116591,PERSON,1
713,Hardscrabble,117097,117109,ORG,1
714,yesterday,117166,117175,DATE,1
715,Ronayne,117264,117271,PERSON,1
716,Headley,117295,117302,PERSON,1
717,first,117577,117582,ORDINAL,1
718,summer,117698,117704,DATE,1
719,Headley,118018,118025,PERSON,1
720,Wau-nan,118593,118600,PERSON,1
721,Maria,118762,118767,PERSON,1
722,summer,119230,119236,DATE,1
723,Indians,119308,119315,NORP,1
724,Winnebagoes,119594,119605,ORG,1
725,"Just so,”pursued Ronayne",119676,119700,WORK_OF_ART,1
726,Maria,119943,119948,PERSON,1
727,Indians,120100,120107,NORP,1
728,Hardscrabble,120167,120179,ORG,1
729,summer,120308,120314,DATE,1
730,"Headley,“and",120668,120680,PERSON,1
731,Wau-nan-gee,120766,120777,PERSON,1
732,One,121837,121840,CARDINAL,1
733,one,121878,121881,CARDINAL,1
734,Ronayne,122863,122870,PERSON,1
735,Virginian,123003,123012,NORP,1
736,yesterday,123233,123242,DATE,1
737,Maria,123427,123432,PERSON,1
738,Wau-nan-gee,123454,123465,PERSON,1
739,Headley,123631,123638,PERSON,1
740,Wau-nan-gee,123663,123674,PERSON,1
741,Headley,124040,124047,PERSON,1
742,Headley,124430,124437,PERSON,1
743,Ronayne,124686,124693,PERSON,1
744,Ronayne,124947,124954,PERSON,1
745,Elmsley,125160,125167,PERSON,1
746,Serjeant Nixon,125172,125186,PERSON,1
747,Maria,125204,125209,PERSON,1
748,this morning,125255,125267,TIME,1
749,"him,”said Ronayne",125374,125391,PERSON,1
750,"it,“and",125446,125453,PERSON,1
751,Ronayne,125831,125838,ORG,1
752,Headley,125941,125948,PERSON,1
753,second,126267,126273,ORDINAL,1
754,yesterday,127397,127406,DATE,1
755,Ronayne,127528,127535,PERSON,1
756,last night,127536,127546,TIME,1
757,Virginian,127599,127608,NORP,1
758,Headley,127695,127702,PERSON,1
759,Maria,127781,127786,PERSON,1
760,Virginian,127948,127957,NORP,1
761,Headley,128426,128433,PERSON,1
762,Maria,128475,128480,PERSON,1
763,Headley,128522,128529,PERSON,1
764,Ronayne,128561,128568,PERSON,1
765,"Headley,”he",128839,128850,PERSON,1
766,half,128871,128875,CARDINAL,1
767,God,129163,129166,PERSON,1
768,Ronayne,129178,129185,PERSON,1
769,Warwick,129401,129408,PERSON,1
770,Henry IV,129426,129434,PERSON,1
771,the Chicago River,129478,129495,LOC,1
772,Fort Dearborn,129513,129526,GPE,1
773,Heywood,129600,129607,PERSON,1
774,Lake Michigan,129821,129834,LOC,1
775,the Pottowatomie Indians,129934,129958,ORG,1
776,French,130048,130054,NORP,1
777,Canadians,130055,130064,NORP,1
778,half,130069,130073,CARDINAL,1
779,Heywood,130374,130381,PERSON,1
780,Detroit,130627,130634,GPE,1
781,Buffalo,130639,130646,GPE,1
782,those days,130969,130979,DATE,1
783,black walnut bookcase,131087,131108,LOC,1
784,Illinois,131212,131220,GPE,1
785,those days,131599,131609,DATE,1
786,Margaret McKenzie,131759,131776,PERSON,1
787,Chicago,131794,131801,GPE,1
788,an early age,131833,131845,DATE,1
789,New York,131904,131912,GPE,1
790,five years ’,132337,132349,DATE,1
791,Chicago,132379,132386,GPE,1
792,so many years,132848,132861,DATE,1
793,only two,133039,133047,CARDINAL,1
794,Captain Headley,133082,133097,PERSON,1
795,McKenzie,133109,133117,PERSON,1
796,Von Voltenberg,133156,133170,PERSON,1
797,Lieut,133175,133180,GPE,1
798,third,133195,133200,ORDINAL,1
799,a few days,133261,133271,DATE,1
800,Indians,133319,133326,NORP,1
801,Hardscrabble,133332,133344,ORG,1
802,English,133404,133411,NORP,1
803,Ensign Ronayne,133462,133476,PERSON,1
804,a few days,133506,133516,DATE,1
805,Elmsley,133535,133542,PERSON,1
806,Margaret,133612,133620,PERSON,1
807,some twenty feet by twelve,133731,133757,QUANTITY,1
808,cranberry,134277,134286,ORG,1
809,Von Voltenberg,134525,134539,PERSON,1
810,Margaret McKenzie,134711,134728,PERSON,1
811,Margaret McKenzie,135303,135320,PERSON,1
812,first,135863,135868,ORDINAL,1
813,first,135966,135971,ORDINAL,1
814,Von Voltenberg 's,135981,135998,PERSON,1
815,one,136076,136079,CARDINAL,1
816,Elmsley,136215,136222,PERSON,1
817,McKenzie,136243,136251,PERSON,1
818,almost daily,136389,136401,DATE,1
819,Captain Headley,136451,136466,PERSON,1
820,Ronayne,136555,136562,PERSON,1
821,Ronayne,136596,136603,PERSON,1
822,Maria Heywood,136611,136624,PERSON,1
823,two years,136651,136660,DATE,1
824,Virginian,136693,136702,NORP,1
825,first,136741,136746,ORDINAL,1
826,Elmsley,136826,136833,PERSON,1
827,first,137215,137220,ORDINAL,1
828,caprice,137351,137358,PRODUCT,1
829,the day,137520,137527,DATE,1
830,Elmsley,137682,137689,PERSON,1
831,McKenzie,137954,137962,PERSON,1
832,the day,138121,138128,DATE,1
833,Indians,138436,138443,NORP,1
834,Winnebeg,138645,138653,ORG,1
835,Headley,138671,138678,PERSON,1
836,McKenzie,138718,138726,PERSON,1
837,Indian,138930,138936,NORP,1
838,McKenzie,139007,139015,PERSON,1
839,Winnebeg,139127,139135,ORG,1
840,Captain Headley,139274,139289,PERSON,1
841,Detroit,139318,139325,GPE,1
842,first,139360,139365,ORDINAL,1
843,Harry,139389,139394,PERSON,1
844,one,139422,139425,CARDINAL,1
845,Detroit,139568,139575,GPE,1
846,Missa,139577,139582,PERSON,1
847,Indian,139603,139609,NORP,1
848,Winnebeg?”exclaimed,139759,139778,ORG,1
849,McKenzie,139996,140004,PERSON,1
850,Winnebeg,140166,140174,ORG,1
851,English,140258,140265,LANGUAGE,1
852,Yankee,140276,140282,NORP,1
853,English,140310,140317,LANGUAGE,1
854,Chicago,140333,140340,GPE,1
855,McKenzie,140369,140377,PERSON,1
856,Winnebeg,140437,140445,ORG,1
857,English,140456,140463,NORP,1
858,Americans,140468,140477,NORP,1
859,Detroit,140531,140538,GPE,1
860,Winnebeg,140612,140620,ORG,1
861,English,140631,140638,LANGUAGE,1
862,Winnebeg,140790,140798,ORG,1
863,"Two week,”he",140823,140835,WORK_OF_ART,1
864,"fingers,“near Canard Bridge",140864,140891,FAC,1
865,Malden,140903,140909,GPE,1
866,Canada,140911,140917,GPE,1
867,Winnebeg,140945,140953,ORG,1
868,General Hull,140999,141011,WORK_OF_ART,1
869,Hull,141034,141038,PERSON,1
870,Miller,141075,141081,PERSON,1
871,fourth,141090,141096,ORDINAL,1
872,Miller,141147,141153,PERSON,1
873,Detroit,141154,141161,GPE,1
874,Winnebeg,141235,141243,ORG,1
875,Gubbenor,141261,141269,GPE,1
876,Captain Headley,141327,141342,PERSON,1
877,Winnebeg,141398,141406,ORG,1
878,Missa Kenzie,141538,141550,PERSON,1
879,Winnebeg,141552,141560,ORG,1
880,Winnebeg,141567,141575,ORG,1
881,Fort Wayne,141633,141643,FAC,1
882,Fort Wayne,141670,141680,PERSON,1
883,Fort Wayne?”remarked,141857,141877,FAC,1
884,Indian,141882,141888,NORP,1
885,"Impossible, Winnebeg",141904,141924,WORK_OF_ART,1
886,Fort Wayne,142041,142051,GPE,1
887,"Just so,”returned Winnebeg",142097,142123,WORK_OF_ART,1
888,Gubbenor,142133,142141,GPE,1
889,Missa McKenzie,142143,142157,PERSON,1
890,Indians,142572,142579,NORP,1
891,British,142603,142610,NORP,1
892,Winnebeg,142621,142629,ORG,1
893,Headley,142720,142727,PERSON,1
894,Harry,142768,142773,PERSON,1
895,Tankee,142909,142915,PERSON,1
896,Massa Kenzie,142917,142929,PERSON,1
897,Winnebeg,142931,142939,ORG,1
898,Pottowatomie,142946,142958,GPE,1
899,Gubbenor,142985,142993,GPE,1
900,Ingins,143010,143016,PERSON,1
901,Winnebeg,143056,143064,ORG,1
902,four days,143088,143097,DATE,1
903,Winnebeg,143126,143134,ORG,1
904,Pottowatomie,143223,143235,PERSON,1
905,Detroit,143244,143251,GPE,1
906,Winnebeg,143258,143266,ORG,1
907,Winnebeg,143418,143426,ORG,1
908,"hand,“all Pottowatomies tink",143691,143719,PERSON,1
909,Winnebeg,143725,143733,ORG,1
910,Fort Wayne,143745,143755,FAC,1
911,McKenzie,143768,143776,PERSON,1
912,Elmsley,143892,143899,PERSON,1
913,Headley,144551,144558,PERSON,1
914,Margaret,144563,144571,PERSON,1
915,McKenzie,144623,144631,PERSON,1
916,Ronayne,144699,144706,PERSON,1
917,Von Voltenberg,144816,144830,PERSON,1
918,this afternoon,144831,144845,TIME,1
919,Indians,144891,144898,NORP,1
920,Maria,144909,144914,PERSON,1
921,God,144934,144937,PERSON,1
922,Indians,145037,145044,NORP,1
923,England,145242,145249,GPE,1
924,the United States,145254,145271,GPE,1
925,Winnebeg,145312,145320,ORG,1
926,Elmsley,145374,145381,PERSON,1
927,McKenzie,145558,145566,PERSON,1
928,Winnebeg,145605,145613,ORG,1
929,Headley,146078,146085,PERSON,1
930,Headley,146117,146124,PERSON,1
931,Margaret,146129,146137,PERSON,1
932,Recollect,146345,146354,PERSON,1
933,Headley,146437,146444,PERSON,1
934,one,146613,146616,CARDINAL,1
935,morrow,146684,146690,DATE,1
936,Fort Wayne,146852,146862,GPE,1
937,"guard,“for",146995,147005,ORG,1
938,one,147063,147066,CARDINAL,1
939,the hour,147174,147182,TIME,1
940,Ronayne,147330,147337,PERSON,1
941,God,147378,147381,PERSON,1
942,the quarters,147434,147446,DATE,1
943,Headley,147458,147465,PERSON,1
944,Elmsley,147481,147488,ORG,1
945,the National Intelligencer,147550,147576,ORG,1
946,hours,147602,147607,TIME,1
947,the last three months,147632,147653,DATE,1
948,Margaret,147748,147756,PERSON,1
949,Detroit,147864,147871,GPE,1
950,McKenzie,147933,147941,PERSON,1
951,Headley,147983,147990,PERSON,1
952,Winnebeg,148196,148204,ORG,1
953,Headley,148335,148342,PERSON,1
954,General Hull,148391,148403,ORG,1
955,McKenzie,148422,148430,PERSON,1
956,more than one,148571,148584,CARDINAL,1
957,Headley?”he,148645,148656,PERSON,1
958,McKenzie;“surely,148961,148977,PERSON,1
959,Captain Headley,148979,148994,PERSON,1
960,"Pardon me,”said",149210,149225,WORK_OF_ART,1
961,five hundred,149621,149633,CARDINAL,1
962,Pottowatomies,149640,149653,PERSON,1
963,British,149721,149728,NORP,1
964,Indians,149876,149883,NORP,1
965,Pottowatomies,149961,149974,ORG,1
966,British,150055,150062,NORP,1
967,Headley,150162,150169,PERSON,1
968,Winnebeg,150198,150206,ORG,1
969,"me,”returned",150293,150305,ORG,1
970,Winnebeg,150347,150355,ORG,1
971,Headley,150363,150370,PERSON,1
972,Pottowatomies,150500,150513,NORP,1
973,Winnebegs,150522,150531,PERSON,1
974,McKenzie?”remarked,150749,150767,PERSON,1
975,Indian,151057,151063,NORP,1
976,British,151113,151120,NORP,1
977,Fort Wayne,151681,151691,FAC,1
978,first,151736,151741,ORDINAL,1
979,Indians,151872,151879,NORP,1
980,Winnebeg,151939,151947,ORG,1
981,McKenzie,151989,151997,PERSON,1
982,McKenzie,152353,152361,PERSON,1
983,Indian,153277,153283,NORP,1
984,Elmsley,153441,153448,PERSON,1
985,Indians,153786,153793,NORP,1
986,a quarter of a century,154091,154113,DATE,1
987,God,154200,154203,PERSON,1
988,"hand,“think",154246,154257,ORG,1
989,Margaret,154371,154379,PERSON,1
990,Nobly,154563,154568,PERSON,1
991,Elmsley,154575,154582,ORG,1
992,Richard III,154787,154798,PERSON,1
993,the following morning,154804,154825,TIME,1
994,an early hour,154997,155010,TIME,1
995,Ronayne,155068,155075,PERSON,1
996,Nixon,155106,155111,PERSON,1
997,that morning,155342,155354,TIME,1
998,five,155404,155408,CARDINAL,1
999,Ronayne,155466,155473,PERSON,1
1000,Collins,155506,155513,PERSON,1
1001,Phillips,155515,155523,ORG,1
1002,Weston,155525,155531,GPE,1
1003,Watson,155544,155550,PERSON,1
1004,Headley,155609,155616,PERSON,1
1005,eight o'clock,155815,155828,TIME,1
1006,sixty,155905,155910,CARDINAL,1
1007,several quarters,156428,156444,DATE,1
1008,Headley,156473,156480,PERSON,1
1009,first,156521,156526,ORDINAL,1
1010,Elmsley,156569,156576,ORG,1
1011,Ronayne,156698,156705,PERSON,1
1012,more than one,156843,156856,CARDINAL,1
1013,Virginian,157026,157035,NORP,1
1014,Elmsley,157115,157122,ORG,1
1015,Captain Headley,157432,157447,PERSON,1
1016,this morning,157537,157549,TIME,1
1017,Ronayne,157585,157592,PERSON,1
1018,Ronayne,157820,157827,PERSON,1
1019,Collins,157952,157959,PERSON,1
1020,this day,157966,157974,DATE,1
1021,Elmsley,158075,158082,PERSON,1
1022,Headley,158237,158244,PERSON,1
1023,yesterday,158302,158311,DATE,1
1024,Headley,158624,158631,PERSON,1
1025,"men,”he",158738,158745,ORG,1
1026,Elmsley,159049,159056,PERSON,1
1027,Captain,159543,159550,ORG,1
1028,four,159906,159910,CARDINAL,1
1029,Mackinaw,160025,160033,FAC,1
1030,British,160046,160053,NORP,1
1031,Detroit,160411,160418,GPE,1
1032,British,160443,160450,NORP,1
1033,that quarter,160556,160568,DATE,1
1034,Fort Wayne,160631,160641,FAC,1
1035,British Indians,160759,160774,NORP,1
1036,Elmsley,161022,161029,PERSON,1
1037,Phillips,161312,161320,PERSON,1
1038,six months,161413,161423,DATE,1
1039,Headley,161492,161499,PERSON,1
1040,Captain Headley,161804,161819,PERSON,1
1041,Drummers,161921,161929,WORK_OF_ART,1
1042,Nixon,162115,162120,PERSON,1
1043,Collins,162234,162241,WORK_OF_ART,1
1044,Collins,162547,162554,PERSON,1
1045,American,162585,162593,NORP,1
1046,Ensign Ronayne,162670,162684,PERSON,1
1047,Captain Headley,162705,162720,PERSON,1
1048,Ronayne,163061,163068,PERSON,1
1049,Fort Wayne,163412,163422,GPE,1
1050,Collins,163492,163499,PERSON,1
1051,Virginian,163570,163579,NORP,1
1052,Fort Wayne,163630,163640,GPE,1
1053,the day,163856,163863,DATE,1
1054,first,163869,163874,ORDINAL,1
1055,the British Lion,163901,163917,FAC,1
1056,Nixon,164145,164150,PERSON,1
1057,Ronayne,164286,164293,PERSON,1
1058,the day,164315,164322,DATE,1
1059,the fourth of July,164347,164365,DATE,1
1060,this morning,164400,164412,TIME,1
1061,half,164557,164561,CARDINAL,1
1062,Indians,164592,164599,NORP,1
1063,God,164754,164757,PERSON,1
1064,nearly half,164779,164790,CARDINAL,1
1065,God,165046,165049,PERSON,1
1066,Indians,165175,165182,NORP,1
1067,Ronayne,165300,165307,PERSON,1
1068,the fourth of July,165475,165493,DATE,1
1069,Nay,165707,165710,PERSON,1
1070,Ronayne,165716,165723,PERSON,1
1071,Captain Headley,165810,165825,PERSON,1
1072,"me,”returned",165944,165956,ORG,1
1073,first,166397,166402,ORDINAL,1
1074,Ronayne,166413,166420,PERSON,1
1075,the preceding evening,166498,166519,TIME,1
1076,Headley,166673,166680,PERSON,1
1077,one,166741,166744,CARDINAL,1
1078,two,166752,166755,CARDINAL,1
1079,Headley,166878,166885,PERSON,1
1080,Indians,166895,166902,NORP,1
1081,a gala day,167078,167088,DATE,1
1082,the hour,167210,167218,TIME,1
1083,twelve,167244,167250,CARDINAL,1
1084,eight,167254,167259,CARDINAL,1
1085,Captain Headley,167330,167345,PERSON,1
1086,McKenzie,167378,167386,PERSON,1
1087,the United States,167546,167563,GPE,1
1088,Fort Wayne,167612,167622,GPE,1
1089,Pottowatomies,167649,167662,ORG,1
1090,One,167736,167739,CARDINAL,1
1091,two,167743,167746,CARDINAL,1
1092,Indians,168050,168057,NORP,1
1093,Ronayne,168157,168164,PERSON,1
1094,this particular moment,168225,168247,TIME,1
1095,American,168296,168304,NORP,1
1096,March,168354,168359,DATE,1
1097,Elmsley,168392,168399,PERSON,1
1098,one or two,168590,168600,CARDINAL,1
1099,Collins,168824,168831,PERSON,1
1100,Stripes,168854,168861,WORK_OF_ART,1
1101,the hour,169001,169009,TIME,1
1102,Ronayne,169168,169175,PERSON,1
1103,Hardscrabble,169759,169771,ORG,1
1104,the silver river,169909,169925,LOC,1
1105,Indians,169971,169978,NORP,1
1106,Elmsley,170220,170227,PERSON,1
1107,one,170301,170304,CARDINAL,1
1108,Hardscrabble,170338,170350,ORG,1
1109,Indian,170508,170514,NORP,1
1110,flagstaff,170728,170737,GPE,1
1111,Maria,171530,171535,PERSON,1
1112,Ronayne,171605,171612,PERSON,1
1113,Pottowatomies,171820,171833,ORG,1
1114,Miami,171906,171911,GPE,1
1115,the preceding day,171956,171973,DATE,1
1116,British,172528,172535,NORP,1
1117,Fort Wayne,172964,172974,FAC,1
1118,one,173273,173276,CARDINAL,1
1119,Headley,173352,173359,PERSON,1
1120,one,173607,173610,CARDINAL,1
1121,some one,173682,173690,CARDINAL,1
1122,Ronayne,173739,173746,PERSON,1
1123,mean?”It,174028,174036,GPE,1
1124,Ronayne,174070,174077,PERSON,1
1125,about a hundred yards,174121,174142,QUANTITY,1
1126,yesterday,174438,174447,DATE,1
1127,Go not to the council!”He,174588,174613,WORK_OF_ART,1
1128,Ronayne,174683,174690,PERSON,1
1129,Wau-nan-gee,175243,175254,PERSON,1
1130,Maria,175617,175622,PERSON,1
1131,Headley,176022,176029,PERSON,1
1132,Ronayne,176190,176197,PERSON,1
1133,Ronayne,176579,176586,PERSON,1
1134,Headley,176803,176810,PERSON,1
1135,march,176975,176980,DATE,1
1136,Virginian,177312,177321,NORP,1
1137,Headley,177344,177351,ORG,1
1138,Pottowatomies,177398,177411,ORG,1
1139,Headley,177741,177748,PERSON,1
1140,Pottowatomies,177769,177782,PERSON,1
1141,a single day,177954,177966,DATE,1
1142,American,177976,177984,NORP,1
1143,British,177992,177999,NORP,1
1144,Ronayne,178047,178054,PERSON,1
1145,"musingly,“they",178056,178070,PERSON,1
1146,Winnebeg,178360,178368,ORG,1
1147,Ronayne,178426,178433,PERSON,1
1148,Wau-nan-gee,178551,178562,GPE,1
1149,Elmsley,178724,178731,PERSON,1
1150,Ronayne,178932,178939,PERSON,1
1151,this day,179193,179201,DATE,1
1152,Headley,179317,179324,ORG,1
1153,Pottowatomie,179339,179351,PERSON,1
1154,Flemish,179382,179389,NORP,1
1155,half an hour,179450,179462,TIME,1
1156,Ronayne,179478,179485,ORG,1
1157,Catharine,179592,179601,PERSON,1
1158,girl!”murmured Ronayne,180110,180132,PERSON,1
1159,Maria,180366,180371,PERSON,1
1160,at least fifty,180430,180444,CARDINAL,1
1161,Ronayne,180775,180782,PERSON,1
1162,Elmsley,180873,180880,PERSON,1
1163,Collins,180997,181004,PERSON,1
1164,Indians,181061,181068,NORP,1
1165,Ronayne,181096,181103,PERSON,1
1166,first,181161,181166,ORDINAL,1
1167,Virginian,181176,181185,NORP,1
1168,Elmsley,181200,181207,PERSON,1
1169,the preceding evening,181214,181235,TIME,1
1170,Headley,181253,181260,PERSON,1
1171,the night,181462,181471,TIME,1
1172,Ronayne,181528,181535,PERSON,1
1173,Ronayne,181862,181869,PERSON,1
1174,Elmsley,183121,183128,ORG,1
1175,more than half,183187,183201,CARDINAL,1
1176,one,183246,183249,CARDINAL,1
1177,Collins,183456,183463,PERSON,1
1178,Pottowatomies,183557,183570,LAW,1
1179,Winnebeg,183577,183585,ORG,1
1180,morning,183713,183720,TIME,1
1181,Winnebeg,183734,183742,ORG,1
1182,Collins,183771,183778,PERSON,1
1183,Winnebeg,183793,183801,ORG,1
1184,Black Partridge,183857,183872,PERSON,1
1185,Kee-po-tah,183889,183899,PERSON,1
1186,Winnebeg,184058,184066,ORG,1
1187,Elmsley,184090,184097,ORG,1
1188,Black Partridge,184168,184183,PERSON,1
1189,Serjeant Nixon,184218,184232,PERSON,1
1190,three-pounder,184242,184255,QUANTITY,1
1191,Collins,184304,184311,PERSON,1
1192,Elmsley,184418,184425,PERSON,1
1193,Captain Headley,184513,184528,PERSON,1
1194,Von Voltenberg 's,184613,184630,PERSON,1
1195,Ronayne,184666,184673,PERSON,1
1196,Elmsley,184883,184890,PERSON,1
1197,Ronayne,185032,185039,PERSON,1
1198,Weston,185349,185355,PERSON,1
1199,that morning,185362,185374,TIME,1
1200,Ronayne,185564,185571,PERSON,1
1201,Weston,185693,185699,PERSON,1
1202,Headley,185712,185719,PERSON,1
1203,Ronayne,185750,185757,PERSON,1
1204,Weston,186029,186035,PERSON,1
1205,half an hour 's,186359,186374,TIME,1
1206,Indians,186479,186486,NORP,1
1207,Margaret,186491,186499,PERSON,1
1208,yesterday,186698,186707,DATE,1
1209,morning,186708,186715,TIME,1
1210,Ronayne,186766,186773,PERSON,1
1211,first,187389,187394,ORDINAL,1
1212,almost half,187404,187415,CARDINAL,1
1213,McKenzie,187508,187516,PERSON,1
1214,Headley,187731,187738,PERSON,1
1215,Headley,188023,188030,PERSON,1
1216,Fort Wayne,188130,188140,PERSON,1
1217,Ronayne,188147,188154,PERSON,1
1218,Pottowatomies,188699,188712,NORP,1
1219,McKenzie,188903,188911,PERSON,1
1220,Winnebeg,189055,189063,ORG,1
1221,Margaret,189341,189349,PERSON,1
1222,Ronayne,189438,189445,PERSON,1
1223,Serjeant Nixon,189447,189461,PERSON,1
1224,two,189627,189630,CARDINAL,1
1225,the south bastion,189762,189779,LOC,1
1226,two,189788,189791,CARDINAL,1
1227,less than four hundred,189856,189878,CARDINAL,1
1228,Captain Headley,190043,190058,PERSON,1
1229,McKenzie,190080,190088,PERSON,1
1230,half,190156,190160,CARDINAL,1
1231,one,190452,190455,CARDINAL,1
1232,Indian,190462,190468,NORP,1
1233,first,190570,190575,ORDINAL,1
1234,Indians,190598,190605,NORP,1
1235,Ronayne,190660,190667,PERSON,1
1236,two,190996,190999,CARDINAL,1
1237,Captain Headley,191217,191232,PERSON,1
1238,early that morning,191594,191612,TIME,1
1239,Indians,191817,191824,NORP,1
1240,Winnebeg,192250,192258,ORG,1
1241,Great Britain,192295,192308,GPE,1
1242,the United States,192313,192330,GPE,1
1243,American,192341,192349,NORP,1
1244,fort,192417,192421,FAC,1
1245,Fort Wayne,192469,192479,FAC,1
1246,Pottowatomies,192505,192518,FAC,1
1247,march,192554,192559,DATE,1
1248,Captain Headley,192576,192591,PERSON,1
1249,the United States,192634,192651,GPE,1
1250,Fort Wayne,192983,192993,GPE,1
1251,McKenzie,193259,193267,PERSON,1
1252,Winnebeg,193272,193280,ORG,1
1253,Indian,193474,193480,NORP,1
1254,Headley,193492,193499,PERSON,1
1255,half,193558,193562,CARDINAL,1
1256,Captain Headley,193635,193650,PERSON,1
1257,Indians,193718,193725,NORP,1
1258,Indian,193786,193792,NORP,1
1259,Tecumseh,194059,194067,ORG,1
1260,British,194104,194111,NORP,1
1261,this later,194160,194170,DATE,1
1262,"Gubbernor,”said Winnebeg",194238,194262,WORK_OF_ART,1
1263,English,194296,194303,LANGUAGE,1
1264,Pottowatomies,194342,194355,ORG,1
1265,pimmecan,194716,194724,PERSON,1
1266,the United States,195012,195029,GPE,1
1267,Kenzie,195116,195122,PERSON,1
1268,Headley,195363,195370,PERSON,1
1269,fort.,196251,196256,GPE,1
1270,Winnebeg,196419,196427,ORG,1
1271,the United States,196459,196476,GPE,1
1272,Winnebeg,196708,196716,ORG,1
1273,Headley,196856,196863,PERSON,1
1274,McKenzie,197015,197023,PERSON,1
1275,Indians,197311,197318,NORP,1
1276,march,197348,197353,DATE,1
1277,Headley,197476,197483,PERSON,1
1278,Winnebeg,197585,197593,ORG,1
1279,Winnebeg,197598,197606,ORG,1
1280,Gubbernor,197624,197633,ORG,1
1281,English,197653,197660,LANGUAGE,1
1282,Ingin,197686,197691,FAC,1
1283,Black Partridge,197720,197735,PERSON,1
1284,Pee,197769,197772,PERSON,1
1285,McKenzie,197868,197876,PERSON,1
1286,Winnebeg,197880,197888,ORG,1
1287,General Hull,197988,198000,ORG,1
1288,Captain Headley,198022,198037,PERSON,1
1289,the following day,198117,198134,DATE,1
1290,The hour of twelve,198136,198154,TIME,1
1291,Indians,198204,198211,NORP,1
1292,the day,198398,198405,DATE,1
1293,Indians,198512,198519,NORP,1
1294,Headley,198718,198725,PERSON,1
1295,Indian,198852,198858,NORP,1
1296,twenty years,199857,199869,DATE,1
1297,many minutes,200041,200053,TIME,1
1298,McKenzie,200479,200487,PERSON,1
1299,Winnebeg,200492,200500,ORG,1
1300,Captain Headley,200538,200553,PERSON,1
1301,Headley,200646,200653,PERSON,1
1302,Winnebeg,200783,200791,ORG,1
1303,Headley,200840,200847,PERSON,1
1304,God,201048,201051,PERSON,1
1305,squaw!”he,201062,201071,PERSON,1
1306,Headley,201181,201188,PERSON,1
1307,McKenzie,201497,201505,PERSON,1
1308,Indians,201678,201685,NORP,1
1309,Indians,202204,202211,NORP,1
1310,Winnebeg,202619,202627,ORG,1
1311,Kenzie,202688,202694,PERSON,1
1312,Winnebeg,202769,202777,ORG,1
1313,first,202928,202933,ORDINAL,1
1314,Headley,202960,202967,PERSON,1
1315,act?”he,203115,203122,ORG,1
1316,Winnebeg,203175,203183,ORG,1
1317,McKenzie,203196,203204,PERSON,1
1318,Captain Headley,203445,203460,PERSON,1
1319,at least a couple of days,203849,203874,DATE,1
1320,march,203916,203921,DATE,1
1321,Indians,204139,204146,NORP,1
1322,"McKenzie,”said",204223,204237,PERSON,1
1323,"Nay,”continued the trader,“you",204354,204384,ORG,1
1324,Headley,204673,204680,PERSON,1
1325,Headley,204772,204779,PERSON,1
1326,McKenzie,204786,204794,PERSON,1
1327,a few summers,205013,205026,DATE,1
1328,McKenzie,205088,205096,PERSON,1
1329,Pottowatomies,205198,205211,ORG,1
1330,Headley,205309,205316,PERSON,1
1331,Ellen,205467,205472,PERSON,1
1332,McKenzie,205539,205547,PERSON,1
1333,"Headley,“what",205893,205906,PERSON,1
1334,secondary,206241,206250,ORDINAL,1
1335,One,206323,206326,CARDINAL,1
1336,one,206346,206349,CARDINAL,1
1337,four hundred,206371,206383,CARDINAL,1
1338,Ellen,206446,206451,PERSON,1
1339,Winnebeg,206709,206717,ORG,1
1340,this night,206756,206766,TIME,1
1341,twelve,206770,206776,CARDINAL,1
1342,Good!”said Winnebeg,207277,207296,PERSON,1
1343,"Headley,”remarked",207395,207412,PERSON,1
1344,Captain Headley,207614,207629,PERSON,1
1345,Ellen,207712,207717,PERSON,1
1346,Captain Headley,207820,207835,PERSON,1
1347,Headley,208061,208068,PERSON,1
1348,God,208216,208219,PERSON,1
1349,Winnebeg,208236,208244,ORG,1
1350,three or four,208447,208460,CARDINAL,1
1351,Headley,208559,208566,PERSON,1
1352,"so,”replied",208633,208644,ORG,1
1353,Winnebeg,208707,208715,ORG,1
1354,Fort Wayne,208837,208847,GPE,1
1355,Ingin,208861,208866,EVENT,1
1356,Winnebeg,208935,208943,ORG,1
1357,midnight,209051,209059,TIME,1
1358,McKenzie,209071,209079,PERSON,1
1359,Julius Caesar,209562,209575,PERSON,1
1360,that day,209595,209603,DATE,1
1361,the 12th of August,209605,209623,DATE,1
1362,Indians,209688,209695,NORP,1
1363,stone quoit,209859,209870,PERSON,1
1364,Headley,210675,210682,PERSON,1
1365,Indians,210729,210736,NORP,1
1366,the day,210964,210971,DATE,1
1367,Indians,211037,211044,NORP,1
1368,the night,211115,211124,TIME,1
1369,about midnight Captain Headley,211164,211194,TIME,1
1370,Pottowatomies,211303,211316,FAC,1
1371,Winnebeg,211408,211416,ORG,1
1372,Winnebeg,211620,211628,ORG,1
1373,moccasins,211944,211953,NORP,1
1374,Elmsley,211959,211966,PERSON,1
1375,Ronayne,212092,212099,PERSON,1
1376,Indians,212419,212426,NORP,1
1377,One,212463,212466,CARDINAL,1
1378,The nights,212920,212930,DATE,1
1379,two,213168,213171,CARDINAL,1
1380,Von Voltenberg,213252,213266,PERSON,1
1381,the night,213309,213318,TIME,1
1382,Indians,213439,213446,NORP,1
1383,Corporal Green,213492,213506,PERSON,1
1384,the night,213617,213626,TIME,1
1385,first,213848,213853,ORDINAL,1
1386,up many hours,213997,214010,TIME,1
1387,Ensign Ronayne,214033,214047,PERSON,1
1388,at least fifty feet,214441,214460,QUANTITY,1
1389,Indians,214555,214562,NORP,1
1390,the next day,214598,214610,DATE,1
1391,prowler,214616,214623,ORG,1
1392,Ronayne,214790,214797,PERSON,1
1393,moccasins,214846,214855,NORP,1
1394,Indian,214908,214914,NORP,1
1395,Indian,215473,215479,NORP,1
1396,Ronayne,215504,215511,PERSON,1
1397,first,215539,215544,ORDINAL,1
1398,Wau-nan-gee,215760,215771,PERSON,1
1399,Heavens!,215775,215783,WORK_OF_ART,1
1400,Wau-nan-gee!”he,215797,215812,PERSON,1
1401,Indian,216116,216122,NORP,1
1402,Ronayne,216216,216223,PERSON,1
1403,Ronayne,216240,216247,PERSON,1
1404,Wau-nan,216288,216295,PERSON,1
1405,Ronayne,216314,216321,PERSON,1
1406,Ingin,216330,216335,ORG,1
1407,"me,”said Ronayne",216377,216393,PERSON,1
1408,Wau-nan-gee,216459,216470,PERSON,1
1409,Indian,216537,216543,NORP,1
1410,manner;“Wau-nan-gee,216697,216716,PERSON,1
1411,Spose,216759,216764,PERSON,1
1412,Ronayne,216773,216780,PERSON,1
1413,Wau-nan-gee,216792,216803,PERSON,1
1414,Wau-nan-gee,216825,216836,PERSON,1
1415,Maria,216904,216909,PERSON,1
1416,Wau-nan-gee,216916,216927,PERSON,1
1417,Ronayne,216928,216935,PERSON,1
1418,One,217193,217196,CARDINAL,1
1419,Wau-nan,217212,217219,PERSON,1
1420,Ronayne,217289,217296,PERSON,1
1421,Wau-nan-gee,217298,217309,GPE,1
1422,Ronayne,217408,217415,PERSON,1
1423,Ingin,217418,217423,EVENT,1
1424,Ronayne,217464,217471,PERSON,1
1425,Maria,217476,217481,PERSON,1
1426,Wau-nan,217518,217525,PERSON,1
1427,Ingin,217541,217546,ORG,1
1428,Maria,217558,217563,PERSON,1
1429,Hardscrabble,217721,217733,ORG,1
1430,Wau-nan-gee,217973,217984,PERSON,1
1431,brother!”He,218000,218011,ORG,1
1432,Wau-nan-gee,218195,218206,PERSON,1
1433,Maria,218250,218255,PERSON,1
1434,"Yes,”said the Indian",218293,218313,WORK_OF_ART,1
1435,Wau-nan-gee happy to lay down his life for Ronayne,218381,218431,WORK_OF_ART,1
1436,Maria,218436,218441,PERSON,1
1437,Ronayne,218447,218454,PERSON,1
1438,Virginian,218485,218494,NORP,1
1439,Wau-nan,218560,218567,PERSON,1
1440,Maria,218581,218586,PERSON,1
1441,Ronayne,218621,218628,PERSON,1
1442,Wau-nan-gee,218643,218654,PERSON,1
1443,squaw camp,218669,218679,LOC,1
1444,Noble and generous boy,218730,218752,WORK_OF_ART,1
1445,Wau-nan-gee,219014,219025,PERSON,1
1446,"Wau-nan-gee,”said Ronayne",219037,219062,WORK_OF_ART,1
1447,Maria,219162,219167,GPE,1
1448,this morning,219168,219180,TIME,1
1449,Pee,219201,219204,PERSON,1
1450,Wau-nan-gee,219236,219247,PERSON,1
1451,Maria,219257,219262,PERSON,1
1452,before many days,219331,219347,DATE,1
1453,Wau-nan-gee,219395,219406,PERSON,1
1454,"Ronayne,”called",219516,219531,PERSON,1
1455,Headley,219588,219595,PERSON,1
1456,Wau-nan,219608,219615,PERSON,1
1457,Maria,219667,219672,PERSON,1
1458,Wau-nan-gee,219921,219932,PERSON,1
1459,Ronayne,220014,220021,PERSON,1
1460,two three days,220039,220053,DATE,1
1461,Wau-nan-gee,220055,220066,PERSON,1
1462,Maria,220098,220103,PERSON,1
1463,"No, Wau-nan-gee",220129,220144,WORK_OF_ART,1
1464,To-morrow night,220275,220290,TIME,1
1465,God,220302,220305,PERSON,1
1466,Wau-nan,220357,220364,WORK_OF_ART,1
1467,Virginian,220462,220471,NORP,1
1468,"Captain Headley,“where",220545,220567,PERSON,1
1469,Indian,220670,220676,NORP,1
1470,Wau-nan-gee,220839,220850,PERSON,1
1471,Wau-nan,220888,220895,WORK_OF_ART,1
1472,Ronayne,220915,220922,PERSON,1
1473,Headley,221065,221072,PERSON,1
1474,Ronayne,221161,221168,PERSON,1
1475,a moment,221333,221341,TIME,1
1476,Virginian,221376,221385,NORP,1
1477,Headley,221396,221403,PERSON,1
1478,Maria,221478,221483,PERSON,1
1479,Captain Headley,221913,221928,PERSON,1
1480,Wau-nan-gee,221930,221941,PERSON,1
1481,Ronayne,222286,222293,PERSON,1
1482,two,222332,222335,CARDINAL,1
1483,Headley,222395,222402,PERSON,1
1484,Ronayne,222452,222459,PERSON,1
1485,Captain Headley,222574,222589,PERSON,1
1486,Headley,222686,222693,PERSON,1
1487,morning,222721,222728,TIME,1
1488,Ronayne,222952,222959,PERSON,1
1489,Maria,222968,222973,PERSON,1
1490,Wau-nan-gee!”he,223085,223100,PERSON,1
1491,Wau-nan-gee,223127,223138,WORK_OF_ART,1
1492,the hour,223157,223165,TIME,1
1493,Ronayne,223522,223529,PERSON,1
1494,Elmsley,223677,223684,ORG,1
1495,Headley,223773,223780,PERSON,1
1496,Virginian,223832,223841,NORP,1
1497,Maria,224054,224059,PERSON,1
1498,the last week,224221,224234,DATE,1
1499,Headley,224674,224681,PERSON,1
1500,Nixon,224782,224787,PERSON,1
1501,Wau-nan-gee,224793,224804,PERSON,1
1502,Winnebeg,224884,224892,EVENT,1
1503,Indians,225069,225076,NORP,1
1504,Wau-nan-gee,225334,225345,GPE,1
1505,Pee,225440,225443,PERSON,1
1506,Wau-nan-gee,225992,226003,PERSON,1
1507,Ronayne,226256,226263,PERSON,1
1508,Last night,226292,226302,TIME,1
1509,this morning,226332,226344,TIME,1
1510,hours,226392,226397,TIME,1
1511,One,227020,227023,CARDINAL,1
1512,One,227076,227079,CARDINAL,1
1513,Wau-nan-gee,227212,227223,PERSON,1
1514,Indian,227353,227359,NORP,1
1515,Wau-nan-gee,227556,227567,PERSON,1
1516,Winnebeg,227692,227700,ORG,1
1517,March,227902,227907,DATE,1
1518,Ronayne,228359,228366,PERSON,1
1519,long hours,228610,228620,TIME,1
1520,Wau-nan,228634,228641,PERSON,1
1521,ray,228678,228681,PERSON,1
1522,midnight,228789,228797,TIME,1
1523,Ronayne,228962,228969,PERSON,1
1524,Maria Ronayne,229132,229145,PERSON,1
1525,Headley,229178,229185,PERSON,1
1526,Wau-nan-gee,229374,229385,PERSON,1
1527,nearly a month,229411,229425,DATE,1
1528,Detroit,229463,229470,GPE,1
1529,Chicago,229516,229523,GPE,1
1530,several days,229721,229733,DATE,1
1531,Pottowatomies,229821,229834,ORG,1
1532,Tecumseh,229843,229851,ORG,1
1533,British,229860,229867,NORP,1
1534,Winnebeg,229929,229937,ORG,1
1535,General Hull,229961,229973,ORG,1
1536,Americans,230224,230233,NORP,1
1537,one,230270,230273,CARDINAL,1
1538,Pottowatomie,230324,230336,PERSON,1
1539,Chippewa,230360,230368,NORP,1
1540,untamably,230399,230408,ORG,1
1541,Americans,230526,230535,NORP,1
1542,Indian,230574,230580,NORP,1
1543,England,230683,230690,GPE,1
1544,American,230759,230767,NORP,1
1545,Black Partridge,231024,231039,PERSON,1
1546,Kee-po-tah,231041,231051,PERSON,1
1547,Waubansee,231053,231062,ORG,1
1548,Pottowatomie,231074,231086,ORG,1
1549,first,231380,231385,ORDINAL,1
1550,Wau-nan-,231734,231742,GPE,1
1551,Ronayne,231846,231853,PERSON,1
1552,Ronayne,232277,232284,PERSON,1
1553,that hour of the night,232559,232581,TIME,1
1554,that late hour of the night,232774,232801,TIME,1
1555,Ronayne,232836,232843,PERSON,1
1556,come!”he,232943,232951,PERSON,1
1557,Ronayne,232974,232981,PERSON,1
1558,Pottowatomie,232983,232995,PERSON,1
1559,Wau-nan-gee,233005,233016,PERSON,1
1560,Wau-nan-,233023,233031,PERSON,1
1561,Ronayne,233142,233149,PERSON,1
1562,Indians,233459,233466,NORP,1
1563,Ronayne,233768,233775,PERSON,1
1564,Ronayne,233846,233853,PERSON,1
1565,Wau-nan-gee,233912,233923,PERSON,1
1566,Capt Headley,233980,233992,PERSON,1
1567,Captain Headley,234059,234074,PERSON,1
1568,Ingin,234076,234081,ORG,1
1569,Ingin,234092,234097,ORG,1
1570,Wau-nan,234134,234141,PERSON,1
1571,Maria,234167,234172,PERSON,1
1572,Ronayne,234199,234206,PERSON,1
1573,Wau-nan-gee,234228,234239,PERSON,1
1574,Spose,234270,234275,PERSON,1
1575,husband?”he,234299,234310,PERSON,1
1576,Wau-nan-gee,234371,234382,PERSON,1
1577,Ronayne,234409,234416,PERSON,1
1578,Ronayne,234574,234581,PERSON,1
1579,the following afternoon,234630,234653,TIME,1
1580,what day,234803,234811,DATE,1
1581,Indians,234816,234823,NORP,1
1582,the morning,234919,234930,TIME,1
1583,the afternoon,234943,234956,TIME,1
1584,Ronayne,235039,235046,PERSON,1
1585,Hardscrabble,235050,235062,GPE,1
1586,Ronayne,235092,235099,PERSON,1
1587,Wau-nan-gee,235152,235163,PERSON,1
1588,one,235387,235390,CARDINAL,1
1589,Headley,235489,235496,PERSON,1
1590,summer,235538,235544,DATE,1
1591,Wau-nan-gee,235644,235655,GPE,1
1592,Indian,235708,235714,NORP,1
1593,Pottowatomie,235827,235839,ORG,1
1594,one,235845,235848,CARDINAL,1
1595,Chippewa,235924,235932,LOC,1
1596,Chippewa,236207,236215,GPE,1
1597,Indian,236262,236268,NORP,1
1598,Ronayne,236559,236566,PERSON,1
1599,Wau-nan-gee,236643,236654,PERSON,1
1600,British,236791,236798,NORP,1
1601,Only two days,236961,236974,DATE,1
1602,Wau-nan-gee,236998,237009,GPE,1
1603,Ronayne,237057,237064,PERSON,1
1604,Elmsley,237128,237135,PERSON,1
1605,a few days,237269,237279,DATE,1
1606,Ronayne,237369,237376,PERSON,1
1607,Chippewa,237430,237438,GPE,1
1608,Wau-nan-gee,237714,237725,GPE,1
1609,Ronayne,238126,238133,PERSON,1
1610,Chippewa,238395,238403,GPE,1
1611,Chippewa,238592,238600,GPE,1
1612,some minutes,238970,238982,TIME,1
1613,Wau-nan-gee,239054,239065,PERSON,1
1614,Ronayne,239209,239216,PERSON,1
1615,Chippewa,239607,239615,GPE,1
1616,summer,239675,239681,DATE,1
1617,Ronayne,239921,239928,PERSON,1
1618,nearly six feet,240160,240175,QUANTITY,1
1619,Chippewa,240346,240354,GPE,1
1620,Wau-nan-gee,240418,240429,PERSON,1
1621,Headley,240516,240523,PERSON,1
1622,Maria,240596,240601,PERSON,1
1623,Ronayne,240662,240669,PERSON,1
1624,Wau-nan-gee,240979,240990,PERSON,1
1625,two,241098,241101,CARDINAL,1
1626,secondly,241201,241209,ORDINAL,1
1627,the following day,241393,241410,DATE,1
1628,Indians,241520,241527,NORP,1
1629,the following day,241728,241745,DATE,1
1630,Wau-nan-gee,242049,242060,PERSON,1
1631,Headley,242067,242074,PERSON,1
1632,Headley,242147,242154,PERSON,1
1633,Wau-nan-gee,242164,242175,PERSON,1
1634,Maria,242181,242186,PERSON,1
1635,Maria,242361,242366,PERSON,1
1636,Wau-nan,242408,242415,GPE,1
1637,Headley,242436,242443,PERSON,1
1638,Headley,242617,242624,PERSON,1
1639,five minutes,242643,242655,TIME,1
1640,Wau-nan-gee,242778,242789,PERSON,1
1641,half,243537,243541,CARDINAL,1
1642,Headley,243908,243915,PERSON,1
1643,Ronayne,243997,244004,PERSON,1
1644,Wau-nan-gee,244043,244054,PERSON,1
1645,"Henry V.",244237,244246,PERSON,1
1646,The following morning,244247,244268,TIME,1
1647,August,244302,244308,DATE,1
1648,Indians,244502,244509,NORP,1
1649,twelve o'clock,244976,244990,TIME,1
1650,Indian,245022,245028,NORP,1
1651,one,245393,245396,CARDINAL,1
1652,Headley,245725,245732,PERSON,1
1653,Fort Wayne,245748,245758,GPE,1
1654,Chippewa,245812,245820,LOC,1
1655,last night,245877,245887,TIME,1
1656,fort,245909,245913,FAC,1
1657,Headley,246430,246437,PERSON,1
1658,you!”and,246545,246553,PERSON,1
1659,fifty,246726,246731,CARDINAL,1
1660,McKenzie,246886,246894,PERSON,1
1661,Indians,247001,247008,NORP,1
1662,Chippewa,247142,247150,GPE,1
1663,the Pottowatomie Nation,247238,247261,ORG,1
1664,Pottowatomie,247321,247333,ORG,1
1665,Indian,247572,247578,NORP,1
1666,Chippewa,247837,247845,LOC,1
1667,Pottowatomies,247957,247970,ORG,1
1668,Black Partridge,247988,248003,PERSON,1
1669,Winnebeg,248005,248013,ORG,1
1670,Waubansee,248015,248024,ORG,1
1671,Kee-po-tah,248046,248056,PERSON,1
1672,Americans,248156,248165,NORP,1
1673,second,248250,248256,ORDINAL,1
1674,Headley,248295,248302,PERSON,1
1675,Elmsley,248588,248595,PERSON,1
1676,Headley,248833,248840,PERSON,1
1677,Chippewa,248892,248900,GPE,1
1678,Black Partridge,248917,248932,PERSON,1
1679,Headley,248998,249005,PERSON,1
1680,many years,249035,249045,DATE,1
1681,Americans,249105,249114,NORP,1
1682,American,249330,249338,NORP,1
1683,Black Partridge,249587,249602,PERSON,1
1684,the United States,249624,249641,GPE,1
1685,Dog!”he,249793,249800,PERSON,1
1686,Chippewa,249977,249985,GPE,1
1687,Yankee,250069,250075,NORP,1
1688,last night,250123,250133,TIME,1
1689,moccasined feet,250263,250278,FAC,1
1690,Headley,250398,250405,PERSON,1
1691,"fury,“take",250453,250463,PERSON,1
1692,Chippewa,250477,250485,GPE,1
1693,return!”first,250490,250503,ORG,1
1694,first,250659,250664,ORDINAL,1
1695,second,251549,251555,ORDINAL,1
1696,American,251568,251576,NORP,1
1697,Ronayne,251620,251627,PERSON,1
1698,Indians,251718,251725,NORP,1
1699,five-and-twenty,252068,252083,TIME,1
1700,Hardscrabble,252232,252244,ORG,1
1701,Pottowatomies,252571,252584,ORG,1
1702,Captain Headley,252651,252666,PERSON,1
1703,McKenzie,252672,252680,PERSON,1
1704,afternoon,253361,253370,TIME,1
1705,Headley,253526,253533,PERSON,1
1706,left?”These,253930,253941,NORP,1
1707,"so,”returned Captain Headley",254060,254088,PERSON,1
1708,British,254261,254268,NORP,1
1709,twenty,254301,254307,CARDINAL,1
1710,march,254402,254407,DATE,1
1711,six,254414,254417,CARDINAL,1
1712,eighteen hours,254559,254573,TIME,1
1713,five-and-twenty,254614,254629,TIME,1
1714,Headley,254896,254903,PERSON,1
1715,Wells,255144,255149,PERSON,1
1716,morrow,255462,255468,DATE,1
1717,this day,255539,255547,DATE,1
1718,five-and-twenty,255714,255729,QUANTITY,1
1719,us,255915,255917,GPE,1
1720,a month,255927,255934,DATE,1
1721,pimmecan,255968,255976,GPE,1
1722,Lake Michigan,256206,256219,LOC,1
1723,ten days,256386,256394,DATE,1
1724,"so,”returned Captain Headley",256492,256520,PERSON,1
1725,Indians,256690,256697,NORP,1
1726,Ellen,257224,257229,PERSON,1
1727,"Serjeant Nixon,”he",257647,257665,PERSON,1
1728,Indians,257859,257866,NORP,1
1729,Miami,258062,258067,GPE,1
1730,Wells,258173,258178,PERSON,1
1731,Headley,258188,258195,PERSON,1
1732,year,258404,258408,DATE,1
1733,year,258415,258419,DATE,1
1734,a few weeks,258431,258442,DATE,1
1735,Chicago,258478,258485,GPE,1
1736,the Indian Department,258560,258581,ORG,1
1737,five-and-twenty,258861,258876,TIME,1
1738,Miami,258958,258963,GPE,1
1739,Fort Wayne,259162,259172,PERSON,1
1740,Pottowatomies,259218,259231,ORG,1
1741,one hundred and eighty miles,259419,259447,QUANTITY,1
1742,Indian,259532,259538,NORP,1
1743,Ronayne,259712,259719,PERSON,1
1744,Ellen,259946,259951,PERSON,1
1745,Headley,259977,259984,PERSON,1
1746,the many days,260099,260112,DATE,1
1747,a week,260133,260139,DATE,1
1748,Chicago,260170,260177,GPE,1
1749,Headley,260472,260479,PERSON,1
1750,Elmsley,260587,260594,PERSON,1
1751,Ronayne,260599,260606,PERSON,1
1752,Dum vivimus,260706,260717,PERSON,1
1753,morrow,260851,260857,DATE,1
1754,the day,261034,261041,DATE,1
1755,the last forty-eight hours,261205,261231,DATE,1
1756,Headley,261263,261270,PERSON,1
1757,Uncle,261597,261602,PERSON,1
1758,Elmsley,261627,261634,PERSON,1
1759,five,261817,261821,CARDINAL,1
1760,Headley,261899,261906,PERSON,1
1761,wedding day,262010,262021,DATE,1
1762,God,262026,262029,PERSON,1
1763,the day,262145,262152,DATE,1
1764,Fort Dearborn,262410,262423,GPE,1
1765,Damocles,262650,262658,PERSON,1
1766,morrow,262758,262764,DATE,1
1767,Fort Wayne,262878,262888,FAC,1
1768,between the two quarters,262975,262999,DATE,1
1769,Ohio,263045,263049,GPE,1
1770,Chicago,263331,263338,GPE,1
1771,Michigan,263388,263396,GPE,1
1772,first,264340,264345,ORDINAL,1
1773,Indians,264381,264388,NORP,1
1774,months,264600,264606,DATE,1
1775,Serjeant Nixon,264661,264675,PERSON,1
1776,Corporals Green,264677,264692,ORG,1
1777,Weston,264697,264703,PERSON,1
1778,Phillips,264709,264717,ORG,1
1779,Watson,264725,264731,PERSON,1
1780,Degarmo,264737,264744,PERSON,1
1781,Indians,264825,264832,NORP,1
1782,Indian,265309,265315,NORP,1
1783,McKenzie,265507,265515,PERSON,1
1784,Von Voltenberg,265808,265822,GPE,1
1785,one,265960,265963,CARDINAL,1
1786,Ronayne,266014,266021,PERSON,1
1787,Headley,266155,266162,PERSON,1
1788,march,266463,266468,DATE,1
1789,The Hero of the Valley of the Miami,266644,266679,WORK_OF_ART,1
1790,McKenzie,266686,266694,PERSON,1
1791,Captain Wells,266770,266783,PERSON,1
1792,General St. Clair 's,266798,266818,ORG,1
1793,Wayne,266862,266867,PERSON,1
1794,morning,267706,267713,TIME,1
1795,first,267844,267849,ORDINAL,1
1796,St. Clair,267867,267876,GPE,1
1797,Wayne,267911,267916,PERSON,1
1798,William Wells,268095,268108,PERSON,1
1799,Kentucky,268171,268179,GPE,1
1800,ten years of age,268219,268235,DATE,1
1801,the Miami Indians,268307,268324,GPE,1
1802,one,268418,268421,CARDINAL,1
1803,Wells,268597,268602,PERSON,1
1804,Indians,268812,268819,NORP,1
1805,General St. Clair,268824,268841,ORG,1
1806,Miamis,268986,268992,ORG,1
1807,American,269213,269221,NORP,1
1808,American,269543,269551,NORP,1
1809,first,269569,269574,ORDINAL,1
1810,one,269707,269710,CARDINAL,1
1811,Indian,269711,269717,NORP,1
1812,American,269737,269745,NORP,1
1813,Indian,269894,269900,NORP,1
1814,Wayne,269941,269946,PERSON,1
1815,One,270148,270151,CARDINAL,1
1816,1794,270220,270224,CARDINAL,1
1817,Wells,270226,270231,ORG,1
1818,Wayne,270249,270254,PERSON,1
1819,eleven,270320,270326,CARDINAL,1
1820,three days,270516,270526,DATE,1
1821,Indians,270596,270603,NORP,1
1822,night,270749,270754,TIME,1
1823,one,270777,270780,CARDINAL,1
1824,Wells,270805,270810,PERSON,1
1825,twenty-two,271210,271220,CARDINAL,1
1826,one,271235,271238,CARDINAL,1
1827,British,271309,271316,NORP,1
1828,Fort Miami,271317,271327,GPE,1
1829,Indians,271363,271370,NORP,1
1830,Wayne,271388,271393,PERSON,1
1831,the squaw hospitably,271430,271450,FAC,1
1832,twenty-two,272194,272204,CARDINAL,1
1833,three,272218,272223,CARDINAL,1
1834,Wells,272408,272413,PERSON,1
1835,Wayne,272452,272457,PERSON,1
1836,Indians,272502,272509,NORP,1
1837,Americans,272529,272538,NORP,1
1838,St. Clair,272567,272576,GPE,1
1839,twenty-two,272693,272703,CARDINAL,1
1840,Wells,273056,273061,PERSON,1
1841,Indian,273101,273107,NORP,1
1842,Indians,273216,273223,NORP,1
1843,Fort Dearborn,273330,273343,GPE,1
1844,second,273433,273439,ORDINAL,1
1845,morrow,273723,273729,DATE,1
1846,Pottowatomies,273928,273941,ORG,1
1847,Indian,274252,274258,NORP,1
1848,Indians,274653,274660,NORP,1
1849,the night,274697,274706,TIME,1
1850,Headley,274828,274835,PERSON,1
1851,two,274879,274882,CARDINAL,1
1852,one,274897,274900,CARDINAL,1
1853,midnight,274939,274947,TIME,1
1854,second,274994,275000,ORDINAL,1
1855,all a few hours,275054,275069,TIME,1
1856,the last week,275098,275111,DATE,1
1857,Midnight,275139,275147,TIME,1
1858,Collins,275204,275211,PERSON,1
1859,McKenzie,275474,275482,PERSON,1
1860,this point half an hour,275593,275616,TIME,1
1861,third,276193,276198,ORDINAL,1
1862,earth,276314,276319,LOC,1
1863,that hour of the night,276357,276379,TIME,1
1864,Ronayne,276581,276588,PERSON,1
1865,Wau-nan-gee 's,277089,277103,PERSON,1
1866,"successfully,”he",277169,277185,PERSON,1
1867,about the hour,277569,277583,TIME,1
1868,Wau-nan-gee,277589,277600,PERSON,1
1869,Indian,277763,277769,NORP,1
1870,half,277875,277879,CARDINAL,1
1871,Collins,277937,277944,PERSON,1
1872,three,278071,278076,CARDINAL,1
1873,Wau-nan-gee,278238,278249,PERSON,1
1874,Ronayne,278310,278317,PERSON,1
1875,Indians,278352,278359,NORP,1
1876,Pottowatomie,278391,278403,NORP,1
1877,Collins,278954,278961,PERSON,1
1878,Ronayne,279143,279150,PERSON,1
1879,Virginian,279219,279228,NORP,1
1880,two minutes,279251,279262,TIME,1
1881,Ronayne,279527,279534,PERSON,1
1882,Wau-nan-gee,279699,279710,PERSON,1
1883,Indian,279841,279847,NORP,1
1884,Ronayne,279948,279955,PERSON,1
1885,Wau-nan-,280027,280035,PERSON,1
1886,Wau-nan-gee,280051,280062,PERSON,1
1887,Ronayne,280077,280084,ORG,1
1888,Wau-nan-gee,281297,281308,GPE,1
1889,Indian,281369,281375,NORP,1
1890,Ronayne,281484,281491,PERSON,1
1891,Collins,281587,281594,PERSON,1
1892,Wau-nan,281678,281685,PERSON,1
1893,Richard II,281865,281875,PERSON,1
1894,15th,281972,281976,ORDINAL,1
1895,Fort Dearborn,282021,282034,GPE,1
1896,the preceding day,282077,282094,DATE,1
1897,march,282289,282294,DATE,1
1898,Fort Wayne,282576,282586,FAC,1
1899,General Hull,282824,282836,ORG,1
1900,the Fort of Detroit,283027,283046,FAC,1
1901,twenty-five hundred,283108,283127,CARDINAL,1
1902,less than three,283199,283214,CARDINAL,1
1903,one,283279,283282,CARDINAL,1
1904,Thousands,283811,283820,CARDINAL,1
1905,Indians,283824,283831,NORP,1
1906,British,283904,283911,NORP,1
1907,another quarter,283969,283984,DATE,1
1908,General Hull,284260,284272,ORG,1
1909,five hundred,284302,284314,CARDINAL,1
1910,Cass,284364,284368,PERSON,1
1911,Detroit,284442,284449,GPE,1
1912,Indians,284538,284545,NORP,1
1913,Cass,284601,284605,PERSON,1
1914,the present day,284619,284634,DATE,1
1915,the United States,284886,284903,GPE,1
1916,General Hull,284953,284965,ORG,1
1917,Detroit,285103,285110,GPE,1
1918,half,285256,285260,CARDINAL,1
1919,The Fourth Regiment,285306,285325,ORG,1
1920,Fourth Artillery,285369,285385,ORG,1
1921,first,285557,285562,ORDINAL,1
1922,General Hull,285582,285594,ORG,1
1923,Ohio,285639,285643,GPE,1
1924,British,285868,285875,NORP,1
1925,General Hull,286026,286038,ORG,1
1926,Chicago,286149,286156,GPE,1
1927,Fort Dearborn,286574,286587,GPE,1
1928,early dawn,286739,286749,TIME,1
1929,Indians,286893,286900,NORP,1
1930,Captain Wells,287171,287184,PERSON,1
1931,all night,287232,287241,TIME,1
1932,Mark,287481,287485,PERSON,1
1933,Nixon,287854,287859,PERSON,1
1934,Ensign Ronayne,287893,287907,PERSON,1
1935,march,288019,288024,DATE,1
1936,Scotch,288416,288422,ORG,1
1937,Indians,288490,288497,NORP,1
1938,Ronayne,288659,288666,ORG,1
1939,Chippewa,289056,289064,GPE,1
1940,Headley,289249,289256,PERSON,1
1941,Virginian,289578,289587,NORP,1
1942,yesterday,289677,289686,DATE,1
1943,first,289809,289814,ORDINAL,1
1944,Chippewa,289862,289870,LOC,1
1945,American,290110,290118,NORP,1
1946,Ronayne,290380,290387,PERSON,1
1947,"parade,“means",290442,290455,NORP,1
1948,Captain Headley,290485,290500,PERSON,1
1949,"Ronayne,”returned",290623,290640,PERSON,1
1950,Fort Wayne,290719,290729,FAC,1
1951,two,291035,291038,CARDINAL,1
1952,Virginian,291234,291243,NORP,1
1953,Headley,291348,291355,PERSON,1
1954,Headley,291573,291580,PERSON,1
1955,Indians,291645,291652,NORP,1
1956,Headley,291913,291920,PERSON,1
1957,a moment,292247,292255,TIME,1
1958,Headley,292294,292301,PERSON,1
1959,Headley,292712,292719,PERSON,1
1960,Ronayne,292726,292733,PERSON,1
1961,Miamis,293134,293140,ORG,1
1962,thirty,293352,293358,CARDINAL,1
1963,Thirty,293600,293606,CARDINAL,1
1964,the lake shore,293733,293747,LOC,1
1965,Indians,293759,293766,NORP,1
1966,years,293935,293940,DATE,1
1967,Headley,294011,294018,PERSON,1
1968,Elmsley,294028,294035,PERSON,1
1969,Ronayne,294042,294049,PERSON,1
1970,Elmsley,294489,294496,PERSON,1
1971,days,294842,294846,DATE,1
1972,"Fort Wayne,”she",294880,294895,FAC,1
1973,one,294913,294916,CARDINAL,1
1974,"How,”remarked Ronayne",295088,295109,PERSON,1
1975,two,295196,295199,CARDINAL,1
1976,Joan d'Arc,295263,295273,PERSON,1
1977,Headley,295319,295326,PERSON,1
1978,morocco,295351,295358,GPE,1
1979,two,295427,295430,CARDINAL,1
1980,about eight inches,295439,295457,QUANTITY,1
1981,Pottowatomie,295487,295499,ORG,1
1982,second,295557,295563,ORDINAL,1
1983,"Ronayne,”she",295585,295597,PERSON,1
1984,first,295849,295854,ORDINAL,1
1985,Fort Wayne,295866,295876,FAC,1
1986,Headley,295878,295885,PERSON,1
1987,Elmsley,296010,296017,PERSON,1
1988,Headley,296222,296229,PERSON,1
1989,Indians,296444,296451,NORP,1
1990,Headley,296683,296690,PERSON,1
1991,Ronayne,296761,296768,PERSON,1
1992,dozen,297227,297232,CARDINAL,1
1993,bullock wagons,297233,297247,ORG,1
1994,Wells,297296,297301,PERSON,1
1995,about a hundred yards,297311,297332,QUANTITY,1
1996,Miamis,297379,297385,ORG,1
1997,"sir,”he",297465,297472,PERSON,1
1998,two,297693,297696,CARDINAL,1
1999,"them,”he answered,“it",297726,297747,PERSON,1
2000,Wells,297786,297791,ORG,1
2001,hollow square,297887,297900,FAC,1
2002,a day,298386,298391,DATE,1
2003,Headley,298424,298431,PERSON,1
2004,Elmsley,298448,298455,PERSON,1
2005,Headley,298747,298754,PERSON,1
2006,enthusiasm;“recollect,298791,298812,PERSON,1
2007,Indians,298874,298881,NORP,1
2008,Nay,298899,298902,PERSON,1
2009,colors!”cried Ronayne,298935,298956,PERSON,1
2010,Ronayne,299119,299126,PERSON,1
2011,Indians,299377,299384,NORP,1
2012,first,299425,299430,ORDINAL,1
2013,Wells,299471,299476,PERSON,1
2014,Captain Headley,299674,299689,PERSON,1
2015,Indians,299716,299723,NORP,1
2016,Pottowatomies,300545,300558,ORG,1
2017,Indians,300674,300681,NORP,1
2018,"do,”thundered Capt",300901,300919,PERSON,1
2019,Elmsley,301051,301058,PERSON,1
2020,Headley,301097,301104,PERSON,1
2021,Indians,301136,301143,NORP,1
2022,Headley,301305,301312,PERSON,1
2023,Indians,301604,301611,NORP,1
2024,first,301735,301740,ORDINAL,1
2025,three,301831,301836,CARDINAL,1
2026,Indians,301837,301844,NORP,1
2027,two,301856,301859,CARDINAL,1
2028,less than seven,302106,302121,CARDINAL,1
2029,one,302144,302147,CARDINAL,1
2030,Indians,302185,302192,NORP,1
2031,Captain Wells,302239,302252,PERSON,1
2032,Pottowatomie,302544,302556,ORG,1
2033,Winnebeg,302803,302811,ORG,1
2034,Black Partridge,302816,302831,PERSON,1
2035,Elmsley,302924,302931,PERSON,1
2036,Headley,303228,303235,PERSON,1
2037,Indians,303296,303303,NORP,1
2038,Miamis,303379,303385,ORG,1
2039,night,303553,303558,TIME,1
2040,Indians,303743,303750,NORP,1
2041,first,303798,303803,ORDINAL,1
2042,God,304411,304414,PERSON,1
2043,"faces,”he",304475,304484,ORG,1
2044,Indians,304518,304525,NORP,1
2045,first,304681,304686,ORDINAL,1
2046,Indians,304757,304764,NORP,1
2047,dozen,305086,305091,CARDINAL,1
2048,first,305282,305287,ORDINAL,1
2049,Nearly half,305417,305428,CARDINAL,1
2050,two,305694,305697,CARDINAL,1
2051,Indians,305698,305705,NORP,1
2052,Headley,305889,305896,PERSON,1
2053,the sand hill,305956,305969,LOC,1
2054,Captain Wells,306071,306084,PERSON,1
2055,Miami,306093,306098,GPE,1
2056,three,306109,306114,CARDINAL,1
2057,Ronayne,306402,306409,PERSON,1
2058,Pottowatomies,306509,306522,ORG,1
2059,Maria,306563,306568,PERSON,1
2060,Headley,306624,306631,PERSON,1
2061,Wau-nan-gee,306805,306816,PERSON,1
2062,Headley,306917,306924,PERSON,1
2063,Indians,306930,306937,NORP,1
2064,night,306964,306969,TIME,1
2065,nearly half,307207,307218,CARDINAL,1
2066,Paul Degarmo,307619,307631,PERSON,1
2067,about five minutes,307923,307941,TIME,1
2068,Headley,308054,308061,PERSON,1
2069,first,308316,308321,ORDINAL,1
2070,Indians,308322,308329,NORP,1
2071,Nixon,308750,308755,PERSON,1
2072,Headley,309272,309279,PERSON,1
2073,Titus Andronicus,309584,309600,PERSON,1
2074,first,309655,309660,ORDINAL,1
2075,the past half hour,309780,309798,TIME,1
2076,Captain Wells,309806,309819,PERSON,1
2077,Black Partridge,309889,309904,ORG,1
2078,Winnebeg,309909,309917,ORG,1
2079,Headley,310117,310124,PERSON,1
2080,Miamis,310199,310205,ORG,1
2081,Pottowatomies,310227,310240,ORG,1
2082,nearly a dozen,310454,310468,CARDINAL,1
2083,game?”he,310635,310643,PERSON,1
2084,God,310695,310698,PERSON,1
2085,Miami,311293,311298,GPE,1
2086,Indians,311696,311703,NORP,1
2087,first,311819,311824,ORDINAL,1
2088,Indians,312059,312066,NORP,1
2089,Chippewa,312098,312106,ORG,1
2090,one,312120,312123,CARDINAL,1
2091,four,312381,312385,CARDINAL,1
2092,two,312603,312606,CARDINAL,1
2093,Indians,312613,312620,NORP,1
2094,an opposite quarter,312634,312653,DATE,1
2095,Waubansee,312761,312770,ORG,1
2096,Winnebeg,312775,312783,ORG,1
2097,Headley,312913,312920,PERSON,1
2098,Elmsley,312930,312937,PERSON,1
2099,Black Partridge,312956,312971,PERSON,1
2100,Von Voltenberg,313213,313227,PERSON,1
2101,Chippewa,313509,313517,ORG,1
2102,first,313884,313889,ORDINAL,1
2103,Miami,313913,313918,GPE,1
2104,a couple of feet,314190,314206,QUANTITY,1
2105,a few feet,314271,314281,QUANTITY,1
2106,about twenty,314406,314418,CARDINAL,1
2107,Indians,314419,314426,NORP,1
2108,one,315022,315025,CARDINAL,1
2109,Chippewa,315162,315170,GPE,1
2110,twenty,315906,315912,CARDINAL,1
2111,Indians,315913,315920,NORP,1
2112,more than a dozen,315950,315967,CARDINAL,1
2113,Indians,316390,316397,NORP,1
2114,Pottowatomie,316517,316529,ORG,1
2115,Headley,316546,316553,PERSON,1
2116,Headley,316799,316806,PERSON,1
2117,two,316818,316821,CARDINAL,1
2118,Indians,316822,316829,NORP,1
2119,Nixon,316910,316915,PERSON,1
2120,Elmsley,316966,316973,PERSON,1
2121,Indian,317011,317017,NORP,1
2122,Indian,317302,317308,NORP,1
2123,only a few feet,317443,317458,QUANTITY,1
2124,Pottowatomies,317522,317535,ORG,1
2125,Miamis,317541,317547,ORG,1
2126,Ronayne,318080,318087,PERSON,1
2127,Indians,318342,318349,NORP,1
2128,earth,318672,318677,LOC,1
2129,one,319035,319038,CARDINAL,1
2130,half,319088,319092,CARDINAL,1
2131,Headley,319171,319178,PERSON,1
2132,Elmsley,319188,319195,PERSON,1
2133,the day,319331,319338,DATE,1
2134,Wau-nan-gee,319412,319423,PERSON,1
2135,Virginian,319499,319508,NORP,1
2136,Captain Headley,319712,319727,PERSON,1
2137,hollow square,320047,320060,FAC,1
2138,more than half a mile,320559,320580,QUANTITY,1
2139,a mile,320610,320616,QUANTITY,1
2140,Headley,320769,320776,PERSON,1
2141,Indians,320802,320809,NORP,1
2142,"Elmsley,”he",320907,320918,PERSON,1
2143,Nixon,321382,321387,PERSON,1
2144,Weston,321498,321504,PERSON,1
2145,Ronayne,321747,321754,PERSON,1
2146,three,321861,321866,CARDINAL,1
2147,One moment,322006,322016,TIME,1
2148,Ronayne,322022,322029,PERSON,1
2149,march,322220,322225,DATE,1
2150,Pish,322260,322264,NORP,1
2151,Volunteers to the front!”said Ronayne,322560,322597,WORK_OF_ART,1
2152,Hardscrabble,322650,322662,ORG,1
2153,Nixon,322710,322715,PERSON,1
2154,Collins,322727,322734,PERSON,1
2155,Green,322739,322744,PERSON,1
2156,Phillips,322746,322754,ORG,1
2157,Weston,322764,322770,PERSON,1
2158,Degarmo,322776,322783,PERSON,1
2159,Captain Headley,322952,322967,PERSON,1
2160,Indian,323063,323069,NORP,1
2161,Elmsley,323117,323124,PERSON,1
2162,Ronayne,323503,323510,PERSON,1
2163,first,323512,323517,ORDINAL,1
2164,Indian,323742,323748,NORP,1
2165,little more than five minutes,323991,324020,TIME,1
2166,first,324027,324032,ORDINAL,1
2167,Wells,324298,324303,ORG,1
2168,only half,324333,324342,CARDINAL,1
2169,Providence,324696,324706,ORG,1
2170,Pottowatomies,325245,325258,ORG,1
2171,some fifty,325497,325507,CARDINAL,1
2172,Indians,325527,325534,NORP,1
2173,three,325568,325573,CARDINAL,1
2174,Headley,325665,325672,PERSON,1
2175,first,325677,325682,ORDINAL,1
2176,Indians,326007,326014,NORP,1
2177,first,326120,326125,ORDINAL,1
2178,Ronayne,326199,326206,PERSON,1
2179,Headley,326233,326240,PERSON,1
2180,twelve,326281,326287,CARDINAL,1
2181,second,326344,326350,ORDINAL,1
2182,Ronayne,326710,326717,PERSON,1
2183,the day,326814,326821,DATE,1
2184,Indians,327067,327074,NORP,1
2185,first,327078,327083,ORDINAL,1
2186,Ronayne,327360,327367,PERSON,1
2187,twenty,327415,327421,CARDINAL,1
2188,Indians,327481,327488,NORP,1
2189,nearly a minute,327822,327837,TIME,1
2190,Indians,327923,327930,NORP,1
2191,a few seconds,327996,328009,TIME,1
2192,"Virginian,“throw",328096,328112,CARDINAL,1
2193,second,328618,328624,ORDINAL,1
2194,Headley,328707,328714,PERSON,1
2195,Ronayne,328781,328788,PERSON,1
2196,half,328870,328874,CARDINAL,1
2197,Light your second,328884,328901,WORK_OF_ART,1
2198,Ronayne,328920,328927,PERSON,1
2199,Sampson,328990,328997,PERSON,1
2200,Ronayne,329405,329412,PERSON,1
2201,Collins,329837,329844,PERSON,1
2202,"The moment I fire,”he ordered,“throw in your second grenades, seize the drag-ropes and retire with all speed with the gun",330095,330216,WORK_OF_ART,1
2203,Collins,330299,330306,PERSON,1
2204,a few seconds,330480,330493,TIME,1
2205,five-and-twenty,330701,330716,TIME,1
2206,Pottowatomies,330922,330935,ORG,1
2207,first,330993,330998,ORDINAL,1
2208,Indians,331194,331201,NORP,1
2209,Headley,331427,331434,PERSON,1
2210,Indians,331493,331500,NORP,1
2211,first,331543,331548,ORDINAL,1
2212,Ronayne,331648,331655,PERSON,1
2213,Headley,331835,331842,PERSON,1
2214,Virginian,331906,331915,NORP,1
2215,Indians,332101,332108,NORP,1
2216,twenty,332174,332180,CARDINAL,1
2217,Captain Headley,332825,332840,PERSON,1
2218,Indians,332887,332894,NORP,1
2219,Indians,333279,333286,NORP,1
2220,Chippewa,333797,333805,GPE,1
2221,Virginian,334125,334134,NORP,1
2222,Chippewa,334165,334173,ORG,1
2223,Nay,334324,334327,PERSON,1
2224,dastards,334572,334580,ORG,1
2225,Virginian,334771,334780,NORP,1
2226,this day,334865,334873,DATE,1
2227,Nixon,334958,334963,PERSON,1
2228,Ronayne,335114,335121,PERSON,1
2229,Chippewa,335153,335161,GPE,1
2230,first,335547,335552,ORDINAL,1
2231,half,335782,335786,CARDINAL,1
2232,Nixon,335858,335863,PERSON,1
2233,Ronayne,335865,335872,PERSON,1
2234,several inches,336079,336093,QUANTITY,1
2235,Chippewa,336218,336226,LOC,1
2236,Virginian,336996,337005,NORP,1
2237,English,337036,337043,LANGUAGE,1
2238,Indian,337331,337337,NORP,1
2239,Chippewa,337405,337413,GPE,1
2240,Chippewa,337746,337754,LOC,1
2241,Indian,337778,337784,NORP,1
2242,Virginian,337988,337997,NORP,1
2243,one,338096,338099,CARDINAL,1
2244,Chippewa,338377,338385,GPE,1
2245,Virginian,338502,338511,NORP,1
2246,half,338565,338569,CARDINAL,1
2247,Virginian,338769,338778,NORP,1
2248,Headley,338988,338995,PERSON,1
2249,Indians,339073,339080,NORP,1
2250,Chippewa,339238,339246,GPE,1
2251,Pottowatomies,339316,339329,ORG,1
2252,about fifty,339341,339352,CARDINAL,1
2253,some fifteen,339417,339429,CARDINAL,1
2254,Ronayne,339511,339518,PERSON,1
2255,four,339577,339581,CARDINAL,1
2256,Collins,339620,339627,PERSON,1
2257,Phillips,339629,339637,PERSON,1
2258,Weston,339639,339645,GPE,1
2259,Degarmo,339651,339658,ORG,1
2260,Serjeant Nixon,339744,339758,PERSON,1
2261,Indians,339822,339829,NORP,1
2262,Chippewa,339929,339937,LOC,1
2263,Headley,340020,340027,PERSON,1
2264,Ronayne,340899,340906,PERSON,1
2265,Captain Headley,341107,341122,PERSON,1
2266,yesterday,341511,341520,DATE,1
2267,Troilus,341671,341678,ORG,1
2268,Cressida,341683,341691,ORG,1
2269,about three o'clock in the afternoon,341701,341737,TIME,1
2270,American,341882,341890,NORP,1
2271,less than one half,341915,341933,CARDINAL,1
2272,Chippewa,342132,342140,ORG,1
2273,night,342389,342394,TIME,1
2274,Headley,343139,343146,PERSON,1
2275,Indians,343273,343280,NORP,1
2276,Winnebeg,343409,343417,ORG,1
2277,Waubansee,343419,343428,ORG,1
2278,Pottowatomies,343505,343518,ORG,1
2279,Chippewa,343620,343628,GPE,1
2280,two,343675,343678,CARDINAL,1
2281,a few minutes,343831,343844,TIME,1
2282,about a hundred,343856,343871,CARDINAL,1
2283,the little square,344025,344042,QUANTITY,1
2284,Courage,344046,344053,ORG,1
2285,Headley,344073,344080,PERSON,1
2286,Ensign Ronayne,344266,344280,PERSON,1
2287,Winnebeg,344584,344592,ORG,1
2288,half,344628,344632,CARDINAL,1
2289,"Even so,”observed Lieutenant Elmsley",344680,344716,WORK_OF_ART,1
2290,Ronayne,344728,344735,PERSON,1
2291,Winnebeg,344814,344822,ORG,1
2292,Captain Headley,344945,344960,PERSON,1
2293,Headley,345442,345449,PERSON,1
2294,Von Voltenberg,345544,345558,PERSON,1
2295,the day,345582,345589,DATE,1
2296,Indians,345648,345655,NORP,1
2297,twenty,345678,345684,CARDINAL,1
2298,one,345706,345709,QUANTITY,1
2299,Headley,345732,345739,PERSON,1
2300,Winnebeg,345969,345977,ORG,1
2301,Captain Headley,346052,346067,PERSON,1
2302,Pottowatomies,346118,346131,ORG,1
2303,Pottowatomies,346156,346169,ORG,1
2304,Pottowatomies,346513,346526,ORG,1
2305,Winnebeg,346844,346852,ORG,1
2306,Fort Wayne,347009,347019,GPE,1
2307,More than half,347065,347079,CARDINAL,1
2308,Pottowatomie,347126,347138,ORG,1
2309,more than two,347166,347179,CARDINAL,1
2310,Indians,347180,347187,NORP,1
2311,"Our Father 's warriors are brave,”returned",347212,347254,WORK_OF_ART,1
2312,Pottowatomies,347277,347290,ORG,1
2313,Winnebeg,347535,347543,ORG,1
2314,first,347604,347609,ORDINAL,1
2315,"Elmsley,”he",347847,347858,PERSON,1
2316,Two-and-twenty,347982,347996,TIME,1
2317,a few minutes,348045,348058,TIME,1
2318,Two-and-twenty,348080,348094,TIME,1
2319,sixty,348102,348107,CARDINAL,1
2320,this morning,348144,348156,TIME,1
2321,two,348166,348169,CARDINAL,1
2322,one,348181,348184,CARDINAL,1
2323,Winnebeg,348266,348274,ORG,1
2324,Miamis,348333,348339,ORG,1
2325,Pottowatomies,348345,348358,ORG,1
2326,Winnebeg,348400,348408,ORG,1
2327,Captain Headley,348451,348466,PERSON,1
2328,"chief,“what",348695,348706,ORG,1
2329,Lieut,348926,348931,ORG,1
2330,Elmsley,349015,349022,PERSON,1
2331,eleven,349175,349181,CARDINAL,1
2332,eleven,349248,349254,CARDINAL,1
2333,Elmsley,349345,349352,PERSON,1
2334,Headley,349405,349412,PERSON,1
2335,first,349470,349475,ORDINAL,1
2336,first,349511,349516,ORDINAL,1
2337,McKenzie,349584,349592,PERSON,1
2338,Winnebeg,349673,349681,ORG,1
2339,two,349911,349914,CARDINAL,1
2340,that day,350019,350027,DATE,1
2341,Winnebeg,350544,350552,ORG,1
2342,"Winnebeg,”said Captain Headley",350682,350712,PERSON,1
2343,three,351206,351211,CARDINAL,1
2344,first,351225,351230,ORDINAL,1
2345,Ronayne,351330,351337,PERSON,1
2346,secondly,351363,351371,ORDINAL,1
2347,thirdly,351425,351432,ORDINAL,1
2348,British,351472,351479,NORP,1
2349,Winnebeg,351516,351524,ORG,1
2350,Headley,351852,351859,PERSON,1
2351,Winnebeg,352062,352070,ORG,1
2352,first,352183,352188,ORDINAL,1
2353,sager,352768,352773,ORG,1
2354,Elmsley,352947,352954,PERSON,1
2355,the day,353591,353598,DATE,1
2356,Indian,353680,353686,NORP,1
2357,Captain Headley,353773,353788,PERSON,1
2358,Winnebeg,353870,353878,ORG,1
2359,the past few hours,354457,354475,TIME,1
2360,Providence,355028,355038,GPE,1
2361,fort,355174,355178,FAC,1
2362,Half,355215,355219,CARDINAL,1
2363,Indians,355228,355235,NORP,1
2364,the morning,355389,355400,TIME,1
2365,many a long year,355757,355773,DATE,1
2366,Headley,356673,356680,PERSON,1
2367,Fort Dearborn,356774,356787,GPE,1
2368,the day,357002,357009,DATE,1
2369,Indians,357100,357107,NORP,1
2370,only about a dozen,357206,357224,CARDINAL,1
2371,Winnebeg,357263,357271,ORG,1
2372,later in the evening,357416,357436,TIME,1
2373,two,357473,357476,CARDINAL,1
2374,first,357592,357597,ORDINAL,1
2375,Winnebeg,357613,357621,ORG,1
2376,Headley,357644,357651,PERSON,1
2377,"solemnly,“how",357653,357666,PERSON,1
2378,one third,357833,357842,CARDINAL,1
2379,a dozen,357996,358003,CARDINAL,1
2380,one,358035,358038,CARDINAL,1
2381,Ronayne,358070,358077,PERSON,1
2382,Collins,358246,358253,PERSON,1
2383,Virginian,358551,358560,NORP,1
2384,Ronayne,358749,358756,PERSON,1
2385,Elmsley,358811,358818,PERSON,1
2386,Winnebeg,358969,358977,ORG,1
2387,Indians,359166,359173,NORP,1
2388,eighteen or twenty,359192,359210,CARDINAL,1
2389,first,359583,359588,ORDINAL,1
2390,one,359628,359631,CARDINAL,1
2391,Captain Headley,359783,359798,PERSON,1
2392,Winnebeg,359867,359875,ORG,1
2393,Pottowatomie,359932,359944,GPE,1
2394,Shawnee,359952,359959,GPE,1
2395,Captain Headley,360201,360216,PERSON,1
2396,Pottowatomie,360277,360289,ORG,1
2397,all day,360452,360459,DATE,1
2398,Winnebeg,360524,360532,ORG,1
2399,Headley,360727,360734,PERSON,1
2400,a single moment,360803,360818,TIME,1
2401,Von Voltenberg,361448,361462,PERSON,1
2402,Indians,361559,361566,NORP,1
2403,three-pounder,361576,361589,QUANTITY,1
2404,August,361896,361902,DATE,1
2405,Indians,362118,362125,NORP,1
2406,first,362141,362146,ORDINAL,1
2407,Ronayne,362202,362209,PERSON,1
2408,hundred,362503,362510,CARDINAL,1
2409,Elmsley,362561,362568,PERSON,1
2410,underwood,362592,362601,GPE,1
2411,Ronayne,362652,362659,PERSON,1
2412,Indians,362681,362688,NORP,1
2413,three,362731,362736,CARDINAL,1
2414,about twenty feet square,362784,362808,QUANTITY,1
2415,Elmsley,363136,363143,PERSON,1
2416,Ronayne,363327,363334,PERSON,1
2417,Virginian,363543,363552,NORP,1
2418,Indians,363814,363821,NORP,1
2419,Lieut,364267,364272,ORG,1
2420,Indians,364493,364500,NORP,1
2421,Winnebeg,364625,364633,ORG,1
2422,Headley,364673,364680,PERSON,1
2423,Nixon,364997,365002,PERSON,1
2424,Chippewa,365134,365142,GPE,1
2425,Ronayne,365255,365262,PERSON,1
2426,Indians,365640,365647,NORP,1
2427,British,365815,365822,NORP,1
2428,Indians,365900,365907,NORP,1
2429,Lieut,366368,366373,PERSON,1
2430,underwood,366842,366851,ORG,1
2431,about two hundred yards,366905,366928,QUANTITY,1
2432,Ronayne,367505,367512,PERSON,1
2433,one,367688,367691,CARDINAL,1
2434,Wau-nan-gee 's,367695,367709,PERSON,1
2435,wan,367839,367842,PERSON,1
2436,Virginian,368406,368415,NORP,1
2437,Indian,368489,368495,NORP,1
2438,Wau-nan-gee,368621,368632,PERSON,1
2439,first,368863,368868,ORDINAL,1
2440,first,369220,369225,ORDINAL,1
2441,Indians,369265,369272,NORP,1
2442,Americans,369315,369324,NORP,1
2443,Wau-nan-gee,369739,369750,PERSON,1
2444,first,369799,369804,ORDINAL,1
2445,Ronayne,369855,369862,PERSON,1
2446,Indians,369998,370005,NORP,1
2447,Lieut,370149,370154,ORG,1
2448,Winnebeg,370194,370202,ORG,1
2449,one,370976,370979,CARDINAL,1
2450,Ronayne,370999,371006,PERSON,1
2451,first,371090,371095,ORDINAL,1
2452,Indian,371346,371352,NORP,1
2453,first,371505,371510,ORDINAL,1
2454,Wau-nan-gee,371535,371546,PERSON,1
2455,Virginian,371713,371722,NORP,1
2456,two,371814,371817,CARDINAL,1
2457,Maria,371906,371911,PERSON,1
2458,adored!”he,371924,371934,PERSON,1
2459,Wau-nan-gee,372202,372213,PERSON,1
2460,"youth,“two",372248,372258,PERSON,1
2461,first,372307,372312,ORDINAL,1
2462,secondly,372384,372392,ORDINAL,1
2463,American,372473,372481,NORP,1
2464,Wau-nan-gee,372808,372819,PERSON,1
2465,Wau-nan-gee,373891,373902,PERSON,1
2466,Indian,373938,373944,NORP,1
2467,first,374132,374137,ORDINAL,1
2468,the night,374167,374176,TIME,1
2469,Mark,374393,374397,PERSON,1
2470,Wau-nan-gee,374404,374415,PERSON,1
2471,Maria Heywood,374636,374649,PERSON,1
2472,Ronayne,374652,374659,PERSON,1
2473,Wau-nan-gee 's squaw,374701,374721,GPE,1
2474,six weeks,374736,374745,DATE,1
2475,first,374761,374766,ORDINAL,1
2476,Ronayne,375095,375102,PERSON,1
2477,four,375455,375459,CARDINAL,1
2478,Wau-nan-gee,375512,375523,GPE,1
2479,Lieut,375621,375626,ORG,1
2480,at least the last,375762,375779,DATE,1
2481,Winnebeg,376144,376152,ORG,1
2482,Indians,376409,376416,NORP,1
2483,King John.,376735,376745,PERSON,1
2484,that night,376767,376777,TIME,1
2485,yesterday,377516,377525,DATE,1
2486,Ronayne,377613,377620,PERSON,1
2487,Von Voltenberg,377634,377648,PERSON,1
2488,Nixon,377670,377675,PERSON,1
2489,Virginian,377679,377688,NORP,1
2490,Corporal Green,377709,377723,ORG,1
2491,nearly two thirds,377730,377747,CARDINAL,1
2492,that night,378120,378130,TIME,1
2493,two,378241,378244,CARDINAL,1
2494,Winnebeg,378339,378347,ORG,1
2495,Headley,378364,378371,PERSON,1
2496,Elmsley,378381,378388,PERSON,1
2497,McKenzie,378485,378493,PERSON,1
2498,Indian,378564,378570,NORP,1
2499,the day,378807,378814,DATE,1
2500,the morning,378899,378910,TIME,1
2501,seven,379354,379359,CARDINAL,1
2502,Headley,379368,379375,PERSON,1
2503,three,379380,379385,CARDINAL,1
2504,Elmsley,379394,379401,PERSON,1
2505,no Von Voltenberg,379575,379592,PERSON,1
2506,Winnebeg,379627,379635,ORG,1
2507,Indian,379652,379658,NORP,1
2508,Winnebeg,379843,379851,ORG,1
2509,two,380035,380038,CARDINAL,1
2510,Ronayne,380148,380155,PERSON,1
2511,Captain Headley,380166,380181,PERSON,1
2512,first,380198,380203,ORDINAL,1
2513,Lieut,380244,380249,ORG,1
2514,a few hours,380315,380326,TIME,1
2515,Headley,380416,380423,PERSON,1
2516,the hour,380556,380564,TIME,1
2517,Maria,380680,380685,PERSON,1
2518,Wau-nan-gee,380910,380921,PERSON,1
2519,the day,380974,380981,DATE,1
2520,Ronayne,381300,381307,PERSON,1
2521,Ronayne,381473,381480,PERSON,1
2522,Ronayne,381912,381919,PERSON,1
2523,Chippewa,381972,381980,GPE,1
2524,the past day,382060,382072,DATE,1
2525,Headley,382170,382177,PERSON,1
2526,Winnebeg,382239,382247,ORG,1
2527,Indian,382464,382470,NORP,1
2528,Elmsley,382544,382551,PERSON,1
2529,"Headley,“will",382721,382734,PERSON,1
2530,Winnebeg,383213,383221,ORG,1
2531,Indian,383476,383482,NORP,1
2532,Headley,383533,383540,PERSON,1
2533,Winnebeg,383565,383573,ORG,1
2534,Pottowatomie,383626,383638,PERSON,1
2535,Elmsley,383804,383811,PERSON,1
2536,Indian,383914,383920,NORP,1
2537,Elmsley,383965,383972,PERSON,1
2538,Winnebeg,384260,384268,ORG,1
2539,Winnebeg,384293,384301,ORG,1
2540,Pottowatomie,384370,384382,ORG,1
2541,Black Partridge,384561,384576,PERSON,1
2542,Headley,384890,384897,PERSON,1
2543,the morning,384973,384984,TIME,1
2544,Elmsley,385205,385212,PERSON,1
2545,one,385267,385270,CARDINAL,1
2546,Captain Headley,385511,385526,PERSON,1
2547,Indian,385532,385538,NORP,1
2548,Winnebeg,385968,385976,ORG,1
2549,Headley,386356,386363,PERSON,1
2550,Gordon,386472,386478,PERSON,1
2551,Headley,386611,386618,PERSON,1
2552,Indian,386695,386701,NORP,1
2553,the day,386862,386869,DATE,1
2554,Headley,386889,386896,PERSON,1
2555,Pottowatomie,386905,386917,ORG,1
2556,McKenzie,387050,387058,PERSON,1
2557,buffalo,387264,387271,GPE,1
2558,Von Voltenberg,387507,387521,PERSON,1
2559,Headley,387760,387767,PERSON,1
2560,first,387935,387940,ORDINAL,1
2561,McKenzie,387962,387970,PERSON,1
2562,Pottowatomie,388196,388208,ORG,1
2563,Headley,388430,388437,PERSON,1
2564,Headley,388858,388865,PERSON,1
2565,the day,389087,389094,DATE,1
2566,Indians,389130,389137,NORP,1
2567,Headley,389486,389493,PERSON,1
2568,McKenzie,389533,389541,PERSON,1
2569,the preceding evening,389844,389865,TIME,1
2570,Winnebeg,389916,389924,ORG,1
2571,Headley,390581,390588,PERSON,1
2572,Indian,390856,390862,NORP,1
2573,Indians,391242,391249,NORP,1
2574,one,391521,391524,CARDINAL,1
2575,Headley,391622,391629,PERSON,1
2576,Pottowatomie,391713,391725,PERSON,1
2577,the preceding evening,391729,391750,TIME,1
2578,Elmsley,391775,391782,PERSON,1
2579,The white squaw shall not,391994,392019,WORK_OF_ART,1
2580,"killed,”he",392023,392033,WORK_OF_ART,1
2581,Pottowatomie,392111,392123,PERSON,1
2582,first,392155,392160,ORDINAL,1
2583,five,392161,392165,CARDINAL,1
2584,two,392175,392178,CARDINAL,1
2585,Indian,392285,392291,NORP,1
2586,Pwau-na-shig,392333,392345,WORK_OF_ART,1
2587,beldam,392365,392371,PERSON,1
2588,Headley,392383,392390,PERSON,1
2589,Indians,392544,392551,NORP,1
2590,the white squaw,392591,392606,WORK_OF_ART,1
2591,Headley,392908,392915,PERSON,1
2592,Pwau-na-shig,393018,393030,GPE,1
2593,Tuh-qua-quod,393085,393097,PERSON,1
2594,Pwau-na-shig,393207,393219,GPE,1
2595,the preceding evening,393345,393366,TIME,1
2596,Pwau-na-shig,393531,393543,GPE,1
2597,Headley,393579,393586,PERSON,1
2598,the previous evening,393838,393858,TIME,1
2599,Elmsley,393867,393874,PERSON,1
2600,Pottowatomie,393890,393902,ORG,1
2601,Pwau-na-shig,394139,394151,GPE,1
2602,McKenzie,394557,394565,PERSON,1
2603,at least three,394567,394581,CARDINAL,1
2604,Indians,394875,394882,NORP,1
2605,Headley,394900,394907,PERSON,1
2606,Headley,395404,395411,PERSON,1
2607,the palmiest days,395499,395516,DATE,1
2608,"him,”said Pwau-na-shig",395570,395592,PERSON,1
2609,white chiefs wife good warrior,395661,395691,WORK_OF_ART,1
2610,English,395747,395754,LANGUAGE,1
2611,Headley,395880,395887,PERSON,1
2612,Pwau-na-shig,395932,395944,GPE,1
2613,Indian,396041,396047,NORP,1
2614,beldam,396244,396250,PERSON,1
2615,a few minutes,396346,396359,TIME,1
2616,McKenzie,396393,396401,PERSON,1
2617,Winnebeg,396574,396582,ORG,1
2618,Captain Headley,396612,396627,PERSON,1
2619,Maria,396781,396786,PERSON,1
2620,"it,”gravely",396844,396855,PERSON,1
2621,"Elmsley,”she",396991,397003,PERSON,1
2622,Ronayne,397245,397252,PERSON,1
2623,Wau-nan-gee,397323,397334,PERSON,1
2624,this morning,397353,397365,TIME,1
2625,Detroit,397391,397398,GPE,1
2626,Headley;“you,397425,397437,PERSON,1
2627,Elmsley,397455,397462,PERSON,1
2628,Winnebeg,397519,397527,ORG,1
2629,the night,397669,397678,TIME,1
2630,two,397720,397723,CARDINAL,1
2631,two,397808,397811,CARDINAL,1
2632,Wau-nan,397895,397902,PERSON,1
2633,Maria,397997,398002,PERSON,1
2634,Headley;“for,398071,398083,PERSON,1
2635,one,398131,398134,CARDINAL,1
2636,Winnebeg,398256,398264,ORG,1
2637,this morning,398365,398377,TIME,1
2638,two,398439,398442,CARDINAL,1
2639,Winnebeg,398453,398461,ORG,1
2640,reprovingly,398677,398688,PERSON,1
2641,Elmsley,398794,398801,PERSON,1
2642,Pwau-na-shig,398812,398824,PERSON,1
2643,Elmsley,398975,398982,PERSON,1
2644,Headley,399032,399039,PERSON,1
2645,Pottowatomies,399249,399262,ORG,1
2646,Fort Dearborn,399548,399561,GPE,1
2647,three,399691,399696,CARDINAL,1
2648,Guardsmen,399707,399716,ORG,1
2649,Mousquetaires,399718,399731,EVENT,1
2650,Twenty Years,399737,399749,DATE,1
2651,Dumas,399760,399765,PERSON,1
2652,Two,399767,399770,CARDINAL,1
2653,Hardscrabble,399849,399861,WORK_OF_ART,1
2654,Wau-nan-gee,399868,399879,WORK_OF_ART,1
2655,third,399898,399903,ORDINAL,1
2656,Nature,400109,400115,ORG,1
2657,Maria Ronayne,400277,400290,PERSON,1
2658,the third day,400645,400658,DATE,1
2659,McKenzie,400706,400714,PERSON,1
2660,Chicago,400767,400774,GPE,1
2661,Mackinaw,400865,400873,GPE,1
2662,British,400901,400908,NORP,1
2663,Headley,400920,400927,PERSON,1
2664,Winnebeg,401027,401035,ORG,1
2665,three hundred miles,401345,401364,QUANTITY,1
2666,Lake Michigan,401385,401398,LOC,1
2667,Mackinaw,401414,401422,FAC,1
2668,Detroit,401684,401691,GPE,1
2669,British,401735,401742,NORP,1
2670,Elmsley,401964,401971,PERSON,1
2671,some weeks,402011,402021,DATE,1
2672,the same quarter,402038,402054,DATE,1
2673,a day,402201,402206,DATE,1
2674,Headley,402261,402268,PERSON,1
2675,fifteen,402452,402459,CARDINAL,1
2676,forty,402536,402541,CARDINAL,1
